League;Year;Team;GP;W;T;L;pts;gf;ga;ppg;gf/ga
/c/la-liga/;2013-2014;Atlético Madrid;38;28;6;4;90;77;26;2.37;2.96
/c/la-liga/;2013-2014;FC Barcelona;38;27;6;5;87;100;33;2.29;3.03
/c/la-liga/;2013-2014;Real Madrid;38;27;6;5;87;104;38;2.29;2.74
/c/la-liga/;2013-2014;Athletic Bilbao;38;20;10;8;70;66;39;1.84;1.69
/c/la-liga/;2013-2014;Sevilla FC;38;18;9;11;63;69;52;1.66;1.33
/c/la-liga/;2013-2014;Villarreal;38;17;8;13;59;60;44;1.55;1.36
/c/la-liga/;2013-2014;Real Sociedad;38;16;11;11;59;62;55;1.55;1.13
/c/la-liga/;2013-2014;Celta Vigo;38;14;7;17;49;49;54;1.29;0.91
/c/la-liga/;2013-2014;Valencia CF;38;13;10;15;49;51;53;1.29;0.96
/c/la-liga/;2013-2014;Levante;38;12;12;14;48;35;43;1.26;0.81
/c/la-liga/;2013-2014;Málaga;38;12;9;17;45;39;46;1.18;0.85
/c/la-liga/;2013-2014;Rayo Vallecano;38;13;4;21;43;46;80;1.13;0.58
/c/la-liga/;2013-2014;Getafe;38;11;9;18;42;35;54;1.11;0.65
/c/la-liga/;2013-2014;RCD Espanyol;38;11;9;18;42;41;51;1.11;0.80
/c/la-liga/;2013-2014;Granada CF;38;12;5;21;41;32;56;1.08;0.57
/c/la-liga/;2013-2014;Almería;38;11;7;20;40;43;71;1.05;0.61
/c/la-liga/;2013-2014;Elche CF;38;9;13;16;40;30;50;1.05;0.60
/c/la-liga/;2013-2014;Osasuna;38;10;9;19;39;32;62;1.03;0.52
/c/la-liga/;2013-2014;Real Valladolid;38;7;15;16;36;38;60;0.95;0.63
/c/la-liga/;2013-2014;Real Betis;38;6;7;25;25;36;78;0.66;0.46
/c/la-liga/;2012-2013;FC Barcelona;38;32;4;2;100;115;40;2.63;2.88
/c/la-liga/;2012-2013;Real Madrid;38;26;7;5;85;103;42;2.24;2.45
/c/la-liga/;2012-2013;Atlético Madrid;38;23;7;8;76;65;31;2.00;2.10
/c/la-liga/;2012-2013;Real Sociedad;38;18;12;8;66;70;49;1.74;1.43
/c/la-liga/;2012-2013;Valencia CF;38;19;8;11;65;67;54;1.71;1.24
/c/la-liga/;2012-2013;Málaga;38;16;9;13;57;53;50;1.50;1.06
/c/la-liga/;2012-2013;Real Betis;38;16;8;14;56;57;56;1.47;1.02
/c/la-liga/;2012-2013;Rayo Vallecano;38;16;5;17;53;50;66;1.39;0.76
/c/la-liga/;2012-2013;Sevilla FC;38;14;8;16;50;58;54;1.32;1.07
/c/la-liga/;2012-2013;Getafe;38;13;8;17;47;43;57;1.24;0.75
/c/la-liga/;2012-2013;Levante;38;12;10;16;46;40;57;1.21;0.70
/c/la-liga/;2012-2013;Athletic Bilbao;38;12;9;17;45;44;65;1.18;0.68
/c/la-liga/;2012-2013;RCD Espanyol;38;11;11;16;44;43;52;1.16;0.83
/c/la-liga/;2012-2013;Real Valladolid;38;11;10;17;43;49;58;1.13;0.84
/c/la-liga/;2012-2013;Granada CF;38;11;9;18;42;37;54;1.11;0.69
/c/la-liga/;2012-2013;Osasuna;38;10;9;19;39;33;50;1.03;0.66
/c/la-liga/;2012-2013;Celta Vigo;38;10;7;21;37;37;52;0.97;0.71
/c/la-liga/;2012-2013;Mallorca;38;9;9;20;36;43;72;0.95;0.60
/c/la-liga/;2012-2013;Deportivo La Coruña;38;8;11;19;35;47;70;0.92;0.67
/c/la-liga/;2012-2013;Real Zaragoza;38;9;7;22;34;37;62;0.89;0.60
/c/la-liga/;2011-2012;Real Madrid;38;32;4;2;100;121;32;2.63;3.78
/c/la-liga/;2011-2012;FC Barcelona;38;28;7;3;91;114;29;2.39;3.93
/c/la-liga/;2011-2012;Valencia CF;38;17;10;11;61;59;44;1.61;1.34
/c/la-liga/;2011-2012;Málaga;38;17;7;14;58;54;53;1.53;1.02
/c/la-liga/;2011-2012;Atlético Madrid;38;15;11;12;56;53;46;1.47;1.15
/c/la-liga/;2011-2012;Levante;38;16;7;15;55;54;50;1.45;1.08
/c/la-liga/;2011-2012;Osasuna;38;13;15;10;54;44;61;1.42;0.72
/c/la-liga/;2011-2012;Mallorca;38;14;10;14;52;42;46;1.37;0.91
/c/la-liga/;2011-2012;Sevilla FC;38;13;11;14;50;48;47;1.32;1.02
/c/la-liga/;2011-2012;Athletic Bilbao;38;12;13;13;49;49;52;1.29;0.94
/c/la-liga/;2011-2012;Real Betis;38;13;8;17;47;47;56;1.24;0.84
/c/la-liga/;2011-2012;Getafe;38;12;11;15;47;40;51;1.24;0.78
/c/la-liga/;2011-2012;Real Sociedad;38;12;11;15;47;46;52;1.24;0.88
/c/la-liga/;2011-2012;RCD Espanyol;38;12;10;16;46;46;56;1.21;0.82
/c/la-liga/;2011-2012;Rayo Vallecano;38;13;4;21;43;53;73;1.13;0.73
/c/la-liga/;2011-2012;Real Zaragoza;38;12;7;19;43;36;61;1.13;0.59
/c/la-liga/;2011-2012;Granada CF;38;12;6;20;42;35;56;1.11;0.63
/c/la-liga/;2011-2012;Villarreal;38;9;14;15;41;39;53;1.08;0.74
/c/la-liga/;2011-2012;Sporting de Gijón;38;10;7;21;37;42;69;0.97;0.61
/c/la-liga/;2011-2012;Racing de Santander;38;4;15;19;27;28;63;0.71;0.44
/c/la-liga/;2010-2011;FC Barcelona;38;30;6;2;96;95;21;2.53;4.52
/c/la-liga/;2010-2011;Real Madrid;38;29;5;4;92;102;33;2.42;3.09
/c/la-liga/;2010-2011;Valencia CF;38;21;8;9;71;64;44;1.87;1.45
/c/la-liga/;2010-2011;Villarreal;38;18;8;12;62;54;44;1.63;1.23
/c/la-liga/;2010-2011;Athletic Bilbao;38;18;4;16;58;59;55;1.53;1.07
/c/la-liga/;2010-2011;Atlético Madrid;38;17;7;14;58;62;53;1.53;1.17
/c/la-liga/;2010-2011;Sevilla FC;38;17;7;14;58;62;61;1.53;1.02
/c/la-liga/;2010-2011;RCD Espanyol;38;15;4;19;49;46;55;1.29;0.84
/c/la-liga/;2010-2011;Osasuna;38;13;8;17;47;45;46;1.24;0.98
/c/la-liga/;2010-2011;Sporting de Gijón;38;11;14;13;47;35;42;1.24;0.83
/c/la-liga/;2010-2011;Málaga;38;13;7;18;46;54;68;1.21;0.79
/c/la-liga/;2010-2011;Racing de Santander;38;12;10;16;46;41;56;1.21;0.73
/c/la-liga/;2010-2011;Real Sociedad;38;14;3;21;45;49;66;1.18;0.74
/c/la-liga/;2010-2011;Levante;38;12;9;17;45;41;52;1.18;0.79
/c/la-liga/;2010-2011;Real Zaragoza;38;12;9;17;45;40;53;1.18;0.75
/c/la-liga/;2010-2011;Getafe;38;12;8;18;44;49;60;1.16;0.82
/c/la-liga/;2010-2011;Mallorca;38;12;8;18;44;41;56;1.16;0.73
/c/la-liga/;2010-2011;Deportivo La Coruña;38;10;13;15;43;31;47;1.13;0.66
/c/la-liga/;2010-2011;Hércules CF;38;9;8;21;35;36;60;0.92;0.60
/c/la-liga/;2010-2011;Almería;38;6;12;20;30;36;70;0.79;0.51
/c/la-liga/;2009-2010;FC Barcelona;38;31;6;1;99;98;24;2.61;4.08
/c/la-liga/;2009-2010;Real Madrid;38;31;3;4;96;102;35;2.53;2.91
/c/la-liga/;2009-2010;Valencia CF;38;21;8;9;71;59;40;1.87;1.48
/c/la-liga/;2009-2010;Sevilla FC;38;19;6;13;63;65;49;1.66;1.33
/c/la-liga/;2009-2010;Mallorca;38;18;8;12;62;59;44;1.63;1.34
/c/la-liga/;2009-2010;Getafe;38;17;7;14;58;58;48;1.53;1.21
/c/la-liga/;2009-2010;Villarreal;38;16;8;14;56;58;57;1.47;1.02
/c/la-liga/;2009-2010;Athletic Bilbao;38;15;9;14;54;50;53;1.42;0.94
/c/la-liga/;2009-2010;Atlético Madrid;38;13;8;17;47;57;61;1.24;0.93
/c/la-liga/;2009-2010;Deportivo La Coruña;38;13;8;17;47;35;49;1.24;0.71
/c/la-liga/;2009-2010;RCD Espanyol;38;11;11;16;44;29;46;1.16;0.63
/c/la-liga/;2009-2010;Osasuna;38;11;10;17;43;37;46;1.13;0.80
/c/la-liga/;2009-2010;Almería;38;10;12;16;42;43;55;1.11;0.78
/c/la-liga/;2009-2010;Real Zaragoza;38;10;11;17;41;46;64;1.08;0.72
/c/la-liga/;2009-2010;Sporting de Gijón;38;9;13;16;40;36;51;1.05;0.71
/c/la-liga/;2009-2010;Racing de Santander;38;9;12;17;39;42;59;1.03;0.71
/c/la-liga/;2009-2010;Málaga;38;7;16;15;37;42;48;0.97;0.88
/c/la-liga/;2009-2010;Tenerife;38;9;9;20;36;40;74;0.95;0.54
/c/la-liga/;2009-2010;Real Valladolid;38;7;15;16;36;37;62;0.95;0.60
/c/la-liga/;2009-2010;Xerez;38;8;10;20;34;38;66;0.89;0.58
/c/la-liga/;2008-2009;FC Barcelona;38;27;6;5;87;105;35;2.29;3.00
/c/la-liga/;2008-2009;Real Madrid;38;25;3;10;78;83;52;2.05;1.60
/c/la-liga/;2008-2009;Sevilla FC;38;21;7;10;70;54;39;1.84;1.38
/c/la-liga/;2008-2009;Atlético Madrid;38;20;7;11;67;80;57;1.76;1.40
/c/la-liga/;2008-2009;Villarreal;38;18;11;9;65;61;54;1.71;1.13
/c/la-liga/;2008-2009;Valencia CF;38;18;8;12;62;68;54;1.63;1.26
/c/la-liga/;2008-2009;Deportivo La Coruña;38;16;10;12;58;48;47;1.53;1.02
/c/la-liga/;2008-2009;Málaga;38;15;10;13;55;55;59;1.45;0.93
/c/la-liga/;2008-2009;Mallorca;38;14;9;15;51;53;60;1.34;0.88
/c/la-liga/;2008-2009;RCD Espanyol;38;12;11;15;47;46;49;1.24;0.94
/c/la-liga/;2008-2009;Almería;38;13;7;18;46;45;61;1.21;0.74
/c/la-liga/;2008-2009;Racing de Santander;38;12;10;16;46;49;48;1.21;1.02
/c/la-liga/;2008-2009;Athletic Bilbao;38;12;8;18;44;47;62;1.16;0.76
/c/la-liga/;2008-2009;Sporting de Gijón;38;14;1;23;43;47;79;1.13;0.59
/c/la-liga/;2008-2009;Real Valladolid;38;12;7;19;43;46;58;1.13;0.79
/c/la-liga/;2008-2009;Osasuna;38;10;13;15;43;41;47;1.13;0.87
/c/la-liga/;2008-2009;Getafe;38;10;12;16;42;50;56;1.11;0.89
/c/la-liga/;2008-2009;Real Betis;38;10;12;16;42;51;58;1.11;0.88
/c/la-liga/;2008-2009;Numancia;38;10;5;23;35;38;69;0.92;0.55
/c/la-liga/;2008-2009;Recreativo Huelva;38;8;9;21;33;34;57;0.87;0.60
/c/la-liga/;2007-2008;Real Madrid;38;27;4;7;85;84;36;2.24;2.33
/c/la-liga/;2007-2008;Villarreal;38;24;5;9;77;63;40;2.03;1.58
/c/la-liga/;2007-2008;FC Barcelona;38;19;10;9;67;76;43;1.76;1.77
/c/la-liga/;2007-2008;Sevilla FC;38;20;4;14;64;75;49;1.68;1.53
/c/la-liga/;2007-2008;Atlético Madrid;38;19;7;12;64;66;47;1.68;1.40
/c/la-liga/;2007-2008;Racing de Santander;38;17;9;12;60;42;41;1.58;1.02
/c/la-liga/;2007-2008;Mallorca;38;15;14;9;59;69;54;1.55;1.28
/c/la-liga/;2007-2008;Deportivo La Coruña;38;15;7;16;52;46;47;1.37;0.98
/c/la-liga/;2007-2008;Almería;38;14;10;14;52;42;45;1.37;0.93
/c/la-liga/;2007-2008;Valencia CF;38;15;6;17;51;48;62;1.34;0.77
/c/la-liga/;2007-2008;Athletic Bilbao;38;13;11;14;50;40;43;1.32;0.93
/c/la-liga/;2007-2008;RCD Espanyol;38;13;9;16;48;43;53;1.26;0.81
/c/la-liga/;2007-2008;Getafe;38;12;11;15;47;44;48;1.24;0.92
/c/la-liga/;2007-2008;Real Betis;38;12;11;15;47;45;51;1.24;0.88
/c/la-liga/;2007-2008;Real Valladolid;38;11;12;15;45;42;57;1.18;0.74
/c/la-liga/;2007-2008;Recreativo Huelva;38;11;11;16;44;40;60;1.16;0.67
/c/la-liga/;2007-2008;Osasuna;38;12;7;19;43;37;44;1.13;0.84
/c/la-liga/;2007-2008;Real Zaragoza;38;10;12;16;42;50;61;1.11;0.82
/c/la-liga/;2007-2008;Real Murcia;38;7;9;22;30;36;65;0.79;0.55
/c/la-liga/;2007-2008;Levante;38;7;5;26;26;33;75;0.68;0.44
/c/la-liga/;2006-2007;Real Madrid;38;23;7;8;76;66;40;2.00;1.65
/c/la-liga/;2006-2007;FC Barcelona;38;22;10;6;76;78;33;2.00;2.36
/c/la-liga/;2006-2007;Sevilla FC;38;21;8;9;71;64;35;1.87;1.83
/c/la-liga/;2006-2007;Valencia CF;38;20;6;12;66;57;42;1.74;1.36
/c/la-liga/;2006-2007;Villarreal;38;18;8;12;62;48;44;1.63;1.09
/c/la-liga/;2006-2007;Atlético Madrid;38;17;9;12;60;46;39;1.58;1.18
/c/la-liga/;2006-2007;Real Zaragoza;38;16;12;10;60;55;43;1.58;1.28
/c/la-liga/;2006-2007;Recreativo Huelva;38;15;9;14;54;54;52;1.42;1.04
/c/la-liga/;2006-2007;Getafe;38;14;10;14;52;39;33;1.37;1.18
/c/la-liga/;2006-2007;Racing de Santander;38;12;14;12;50;42;48;1.32;0.88
/c/la-liga/;2006-2007;Mallorca;38;14;7;17;49;41;47;1.29;0.87
/c/la-liga/;2006-2007;RCD Espanyol;38;12;13;13;49;46;53;1.29;0.87
/c/la-liga/;2006-2007;Deportivo La Coruña;38;12;11;15;47;32;45;1.24;0.71
/c/la-liga/;2006-2007;Osasuna;38;13;7;18;46;51;49;1.21;1.04
/c/la-liga/;2006-2007;Levante;38;10;12;16;42;37;53;1.11;0.70
/c/la-liga/;2006-2007;Athletic Bilbao;38;10;10;18;40;44;62;1.05;0.71
/c/la-liga/;2006-2007;Real Betis;38;8;16;14;40;36;49;1.05;0.73
/c/la-liga/;2006-2007;Celta Vigo;38;10;9;19;39;40;59;1.03;0.68
/c/la-liga/;2006-2007;Real Sociedad;38;8;11;19;35;32;47;0.92;0.68
/c/la-liga/;2006-2007;Gimnàstic de Tarragona;38;7;7;24;28;34;69;0.74;0.49
/c/la-liga/;2005-2006;FC Barcelona;38;25;7;6;82;80;35;2.16;2.29
/c/la-liga/;2005-2006;Real Madrid;38;20;10;8;70;70;40;1.84;1.75
/c/la-liga/;2005-2006;Valencia CF;38;19;12;7;69;58;33;1.82;1.76
/c/la-liga/;2005-2006;Osasuna;38;21;5;12;68;49;43;1.79;1.14
/c/la-liga/;2005-2006;Sevilla FC;38;20;8;10;68;54;39;1.79;1.38
/c/la-liga/;2005-2006;Celta Vigo;38;20;4;14;64;45;33;1.68;1.36
/c/la-liga/;2005-2006;Villarreal;38;14;15;9;57;50;39;1.50;1.28
/c/la-liga/;2005-2006;Deportivo La Coruña;38;15;10;13;55;47;45;1.45;1.04
/c/la-liga/;2005-2006;Getafe;38;15;9;14;54;54;49;1.42;1.10
/c/la-liga/;2005-2006;Atlético Madrid;38;13;13;12;52;45;37;1.37;1.22
/c/la-liga/;2005-2006;Real Zaragoza;38;10;16;12;46;46;51;1.21;0.90
/c/la-liga/;2005-2006;Athletic Bilbao;38;11;12;15;45;40;46;1.18;0.87
/c/la-liga/;2005-2006;Mallorca;38;10;13;15;43;37;51;1.13;0.73
/c/la-liga/;2005-2006;Real Betis;38;10;12;16;42;34;51;1.11;0.67
/c/la-liga/;2005-2006;RCD Espanyol;38;10;11;17;41;36;56;1.08;0.64
/c/la-liga/;2005-2006;Real Sociedad;38;11;7;20;40;48;65;1.05;0.74
/c/la-liga/;2005-2006;Racing de Santander;38;9;13;16;40;36;49;1.05;0.73
/c/la-liga/;2005-2006;Deportivo Alavés;38;9;12;17;39;35;54;1.03;0.65
/c/la-liga/;2005-2006;Cádiz;38;8;12;18;36;36;52;0.95;0.69
/c/la-liga/;2005-2006;Málaga;38;5;9;24;24;36;68;0.63;0.53
/c/la-liga/;2004-2005;FC Barcelona;38;25;9;4;84;73;29;2.21;2.52
/c/la-liga/;2004-2005;Real Madrid;38;25;5;8;80;71;32;2.11;2.22
/c/la-liga/;2004-2005;Villarreal;38;18;11;9;65;69;37;1.71;1.86
/c/la-liga/;2004-2005;Real Betis;38;16;14;8;62;62;50;1.63;1.24
/c/la-liga/;2004-2005;RCD Espanyol;38;17;10;11;61;54;46;1.61;1.17
/c/la-liga/;2004-2005;Sevilla FC;38;17;9;12;60;44;41;1.58;1.07
/c/la-liga/;2004-2005;Valencia CF;38;14;16;8;58;54;39;1.53;1.38
/c/la-liga/;2004-2005;Málaga;38;15;6;17;51;40;48;1.34;0.83
/c/la-liga/;2004-2005;Athletic Bilbao;38;14;9;15;51;59;54;1.34;1.09
/c/la-liga/;2004-2005;Deportivo La Coruña;38;12;15;11;51;46;50;1.34;0.92
/c/la-liga/;2004-2005;Real Zaragoza;38;14;8;16;50;52;57;1.32;0.91
/c/la-liga/;2004-2005;Atlético Madrid;38;13;11;14;50;40;34;1.32;1.18
/c/la-liga/;2004-2005;Real Sociedad;38;13;8;17;47;47;56;1.24;0.84
/c/la-liga/;2004-2005;Getafe;38;12;11;15;47;38;46;1.24;0.83
/c/la-liga/;2004-2005;Osasuna;38;12;10;16;46;46;65;1.21;0.71
/c/la-liga/;2004-2005;Racing de Santander;38;12;8;18;44;41;58;1.16;0.71
/c/la-liga/;2004-2005;Mallorca;38;10;9;19;39;42;63;1.03;0.67
/c/la-liga/;2004-2005;Levante;38;9;10;19;37;39;58;0.97;0.67
/c/la-liga/;2004-2005;Numancia;38;6;11;21;29;30;61;0.76;0.49
/c/la-liga/;2004-2005;Albacete;38;6;10;22;28;33;56;0.74;0.59
/c/la-liga/;2003-2004;Valencia CF;38;23;8;7;77;71;27;2.03;2.63
/c/la-liga/;2003-2004;FC Barcelona;38;21;9;8;72;63;39;1.89;1.62
/c/la-liga/;2003-2004;Deportivo La Coruña;38;21;8;9;71;60;34;1.87;1.76
/c/la-liga/;2003-2004;Real Madrid;38;21;7;10;70;72;54;1.84;1.33
/c/la-liga/;2003-2004;Athletic Bilbao;38;15;11;12;56;53;49;1.47;1.08
/c/la-liga/;2003-2004;Atlético Madrid;38;15;10;13;55;51;53;1.45;0.96
/c/la-liga/;2003-2004;Sevilla FC;38;15;10;13;55;56;45;1.45;1.24
/c/la-liga/;2003-2004;Villarreal;38;15;9;14;54;47;49;1.42;0.96
/c/la-liga/;2003-2004;Real Betis;38;13;13;12;52;46;43;1.37;1.07
/c/la-liga/;2003-2004;Málaga;38;15;6;17;51;50;55;1.34;0.91
/c/la-liga/;2003-2004;Mallorca;38;15;6;17;51;54;66;1.34;0.82
/c/la-liga/;2003-2004;Real Zaragoza;38;13;9;16;48;46;55;1.26;0.84
/c/la-liga/;2003-2004;Osasuna;38;11;15;12;48;38;37;1.26;1.03
/c/la-liga/;2003-2004;Albacete;38;13;8;17;47;40;48;1.24;0.83
/c/la-liga/;2003-2004;Real Sociedad;38;11;13;14;46;49;53;1.21;0.92
/c/la-liga/;2003-2004;RCD Espanyol;38;13;4;21;43;48;64;1.13;0.75
/c/la-liga/;2003-2004;Racing de Santander;38;11;10;17;42;48;63;1.11;0.76
/c/la-liga/;2003-2004;Real Valladolid;38;10;11;17;41;46;56;1.08;0.82
/c/la-liga/;2003-2004;Celta Vigo;38;9;12;17;39;48;68;1.03;0.71
/c/la-liga/;2003-2004;Real Murcia;38;5;11;22;26;29;57;0.68;0.51
/c/la-liga/;2002-2003;Real Madrid;38;22;12;4;78;86;42;2.05;2.05
/c/la-liga/;2002-2003;Real Sociedad;38;22;10;6;76;71;45;2.00;1.58
/c/la-liga/;2002-2003;Deportivo La Coruña;38;22;6;10;72;67;47;1.89;1.43
/c/la-liga/;2002-2003;Celta Vigo;38;17;10;11;61;45;36;1.61;1.25
/c/la-liga/;2002-2003;Valencia CF;38;17;9;12;60;56;35;1.58;1.60
/c/la-liga/;2002-2003;FC Barcelona;38;15;11;12;56;63;47;1.47;1.34
/c/la-liga/;2002-2003;Athletic Bilbao;38;15;10;13;55;63;61;1.45;1.03
/c/la-liga/;2002-2003;Real Betis;38;14;12;12;54;56;53;1.42;1.06
/c/la-liga/;2002-2003;Mallorca;38;14;10;14;52;49;56;1.37;0.88
/c/la-liga/;2002-2003;Sevilla FC;38;13;11;14;50;38;39;1.32;0.97
/c/la-liga/;2002-2003;Atlético Madrid;38;12;11;15;47;51;56;1.24;0.91
/c/la-liga/;2002-2003;Osasuna;38;12;11;15;47;40;48;1.24;0.83
/c/la-liga/;2002-2003;Real Valladolid;38;12;10;16;46;37;40;1.21;0.93
/c/la-liga/;2002-2003;Málaga;38;11;13;14;46;44;49;1.21;0.90
/c/la-liga/;2002-2003;Villarreal;38;11;12;15;45;44;53;1.18;0.83
/c/la-liga/;2002-2003;Racing de Santander;38;13;5;20;44;54;64;1.16;0.84
/c/la-liga/;2002-2003;RCD Espanyol;38;10;13;15;43;48;54;1.13;0.89
/c/la-liga/;2002-2003;Recreativo Huelva;38;8;12;18;36;35;61;0.95;0.57
/c/la-liga/;2002-2003;Deportivo Alavés;38;8;11;19;35;38;68;0.92;0.56
/c/la-liga/;2002-2003;Rayo Vallecano;38;7;11;20;32;31;62;0.84;0.50
/c/la-liga/;2001-2002;Valencia CF;38;21;12;5;75;51;27;1.97;1.89
/c/la-liga/;2001-2002;Deportivo La Coruña;38;20;8;10;68;65;41;1.79;1.59
/c/la-liga/;2001-2002;Real Madrid;38;19;9;10;66;69;44;1.74;1.57
/c/la-liga/;2001-2002;FC Barcelona;38;18;10;10;64;65;37;1.68;1.76
/c/la-liga/;2001-2002;Celta Vigo;38;16;12;10;60;64;46;1.58;1.39
/c/la-liga/;2001-2002;Real Betis;38;15;14;9;59;42;34;1.55;1.24
/c/la-liga/;2001-2002;Deportivo Alavés;38;17;3;18;54;41;44;1.42;0.93
/c/la-liga/;2001-2002;Athletic Bilbao;38;14;11;13;53;54;66;1.39;0.82
/c/la-liga/;2001-2002;Sevilla FC;38;14;11;13;53;51;40;1.39;1.28
/c/la-liga/;2001-2002;Málaga;38;13;14;11;53;44;44;1.39;1.00
/c/la-liga/;2001-2002;Rayo Vallecano;38;13;10;15;49;46;52;1.29;0.88
/c/la-liga/;2001-2002;Real Valladolid;38;13;9;16;48;45;58;1.26;0.78
/c/la-liga/;2001-2002;RCD Espanyol;38;13;8;17;47;47;56;1.24;0.84
/c/la-liga/;2001-2002;Real Sociedad;38;13;8;17;47;48;54;1.24;0.89
/c/la-liga/;2001-2002;Mallorca;38;11;10;17;43;40;52;1.13;0.77
/c/la-liga/;2001-2002;Villarreal;38;11;10;17;43;46;55;1.13;0.84
/c/la-liga/;2001-2002;Osasuna;38;10;12;16;42;36;49;1.11;0.73
/c/la-liga/;2001-2002;UD Las Palmas;38;9;13;16;40;40;50;1.05;0.80
/c/la-liga/;2001-2002;Tenerife;38;10;8;20;38;32;58;1.00;0.55
/c/la-liga/;2001-2002;Real Zaragoza;38;9;10;19;37;35;54;0.97;0.65
/c/la-liga/;2000-2001;Real Madrid;38;24;8;6;80;81;40;2.11;2.03
/c/la-liga/;2000-2001;Deportivo La Coruña;38;22;7;9;73;73;44;1.92;1.66
/c/la-liga/;2000-2001;Mallorca;38;20;11;7;71;61;43;1.87;1.42
/c/la-liga/;2000-2001;Valencia CF;38;18;9;11;63;55;34;1.66;1.62
/c/la-liga/;2000-2001;FC Barcelona;38;17;12;9;63;80;57;1.66;1.40
/c/la-liga/;2000-2001;Celta Vigo;38;16;11;11;59;51;49;1.55;1.04
/c/la-liga/;2000-2001;Villarreal;38;16;9;13;57;58;52;1.50;1.12
/c/la-liga/;2000-2001;Málaga;38;16;8;14;56;60;61;1.47;0.98
/c/la-liga/;2000-2001;RCD Espanyol;38;14;8;16;50;46;44;1.32;1.05
/c/la-liga/;2000-2001;Deportivo Alavés;38;14;7;17;49;58;59;1.29;0.98
/c/la-liga/;2000-2001;UD Las Palmas;38;13;7;18;46;42;62;1.21;0.68
/c/la-liga/;2000-2001;Athletic Bilbao;38;11;10;17;43;44;60;1.13;0.73
/c/la-liga/;2000-2001;Real Sociedad;38;11;10;17;43;52;68;1.13;0.76
/c/la-liga/;2000-2001;Rayo Vallecano;38;10;13;15;43;56;68;1.13;0.82
/c/la-liga/;2000-2001;Osasuna;38;10;12;16;42;43;54;1.11;0.80
/c/la-liga/;2000-2001;Real Valladolid;38;9;15;14;42;42;50;1.11;0.84
/c/la-liga/;2000-2001;Real Zaragoza;38;9;15;14;42;54;57;1.11;0.95
/c/la-liga/;2000-2001;Real Oviedo;38;11;8;19;41;51;67;1.08;0.76
/c/la-liga/;2000-2001;Numancia;38;10;9;19;39;40;64;1.03;0.63
/c/la-liga/;2000-2001;Racing de Santander;38;10;9;19;39;48;62;1.03;0.77
/c/la-liga/;1999-2000;Deportivo La Coruña;38;21;6;11;69;66;44;1.82;1.50
/c/la-liga/;1999-2000;FC Barcelona;38;19;7;12;64;70;46;1.68;1.52
/c/la-liga/;1999-2000;Valencia CF;38;18;10;10;64;59;39;1.68;1.51
/c/la-liga/;1999-2000;Real Zaragoza;38;16;15;7;63;60;40;1.66;1.50
/c/la-liga/;1999-2000;Real Madrid;38;16;14;8;62;58;48;1.63;1.21
/c/la-liga/;1999-2000;Deportivo Alavés;38;17;10;11;61;41;37;1.61;1.11
/c/la-liga/;1999-2000;Celta Vigo;38;15;8;15;53;45;43;1.39;1.05
/c/la-liga/;1999-2000;Real Valladolid;38;14;11;13;53;36;44;1.39;0.82
/c/la-liga/;1999-2000;Rayo Vallecano;38;15;7;16;52;51;53;1.37;0.96
/c/la-liga/;1999-2000;Mallorca;38;14;9;15;51;52;45;1.34;1.16
/c/la-liga/;1999-2000;Athletic Bilbao;38;12;14;12;50;47;57;1.32;0.82
/c/la-liga/;1999-2000;Málaga;38;11;15;12;48;55;50;1.26;1.10
/c/la-liga/;1999-2000;RCD Espanyol;38;12;11;15;47;51;48;1.24;1.06
/c/la-liga/;1999-2000;Real Sociedad;38;11;14;13;47;42;49;1.24;0.86
/c/la-liga/;1999-2000;Racing de Santander;38;10;16;12;46;52;50;1.21;1.04
/c/la-liga/;1999-2000;Numancia;38;11;12;15;45;47;59;1.18;0.80
/c/la-liga/;1999-2000;Real Oviedo;38;11;12;15;45;44;60;1.18;0.73
/c/la-liga/;1999-2000;Real Betis;38;11;9;18;42;33;56;1.11;0.59
/c/la-liga/;1999-2000;Atlético Madrid;38;9;11;18;38;48;64;1.00;0.75
/c/la-liga/;1999-2000;Sevilla FC;38;5;13;20;28;42;67;0.74;0.63
/c/la-liga/;1998-1999;FC Barcelona;38;24;7;7;79;87;43;2.08;2.02
/c/la-liga/;1998-1999;Real Madrid;38;21;5;12;68;77;62;1.79;1.24
/c/la-liga/;1998-1999;Mallorca;38;20;6;12;66;48;31;1.74;1.55
/c/la-liga/;1998-1999;Valencia CF;38;19;8;11;65;63;39;1.71;1.62
/c/la-liga/;1998-1999;Celta Vigo;38;17;13;8;64;69;41;1.68;1.68
/c/la-liga/;1998-1999;Deportivo La Coruña;38;17;12;9;63;55;43;1.66;1.28
/c/la-liga/;1998-1999;RCD Espanyol;38;16;13;9;61;49;38;1.61;1.29
/c/la-liga/;1998-1999;Athletic Bilbao;38;17;9;12;60;53;47;1.58;1.13
/c/la-liga/;1998-1999;Real Zaragoza;38;16;9;13;57;57;46;1.50;1.24
/c/la-liga/;1998-1999;Real Sociedad;38;14;12;12;54;47;43;1.42;1.09
/c/la-liga/;1998-1999;Real Betis;38;14;7;17;49;47;58;1.29;0.81
/c/la-liga/;1998-1999;Real Valladolid;38;13;9;16;48;35;44;1.26;0.80
/c/la-liga/;1998-1999;Atlético Madrid;38;12;10;16;46;54;50;1.21;1.08
/c/la-liga/;1998-1999;Real Oviedo;38;11;12;15;45;41;57;1.18;0.72
/c/la-liga/;1998-1999;Racing de Santander;38;10;12;16;42;41;53;1.11;0.77
/c/la-liga/;1998-1999;Deportivo Alavés;38;11;7;20;40;36;63;1.05;0.57
/c/la-liga/;1998-1999;CF Extremadura;38;9;12;17;39;27;53;1.03;0.51
/c/la-liga/;1998-1999;Villarreal;38;8;12;18;36;47;63;0.95;0.75
/c/la-liga/;1998-1999;Tenerife;38;7;13;18;34;41;63;0.89;0.65
/c/la-liga/;1998-1999;UD Salamanca;38;7;6;25;27;29;66;0.71;0.44
/c/la-liga/;1997-1998;FC Barcelona;38;23;5;10;74;78;56;1.95;1.39
/c/la-liga/;1997-1998;Athletic Bilbao;38;17;14;7;65;52;42;1.71;1.24
/c/la-liga/;1997-1998;Real Madrid;38;17;12;9;63;63;45;1.66;1.40
/c/la-liga/;1997-1998;Real Sociedad;38;16;15;7;63;60;37;1.66;1.62
/c/la-liga/;1997-1998;Celta Vigo;38;17;9;12;60;54;47;1.58;1.15
/c/la-liga/;1997-1998;Atlético Madrid;38;16;12;10;60;79;56;1.58;1.41
/c/la-liga/;1997-1998;Mallorca;38;16;12;10;60;55;39;1.58;1.41
/c/la-liga/;1997-1998;Real Betis;38;17;8;13;59;49;50;1.55;0.98
/c/la-liga/;1997-1998;Valencia CF;38;16;7;15;55;58;52;1.45;1.12
/c/la-liga/;1997-1998;RCD Espanyol;38;12;17;9;53;44;31;1.39;1.42
/c/la-liga/;1997-1998;Real Valladolid;38;13;11;14;50;36;47;1.32;0.77
/c/la-liga/;1997-1998;Deportivo La Coruña;38;12;13;13;49;44;46;1.29;0.96
/c/la-liga/;1997-1998;Real Zaragoza;38;12;12;14;48;45;53;1.26;0.85
/c/la-liga/;1997-1998;Racing de Santander;38;12;9;17;45;46;55;1.18;0.84
/c/la-liga/;1997-1998;UD Salamanca;38;12;9;17;45;46;46;1.18;1.00
/c/la-liga/;1997-1998;Tenerife;38;11;12;15;45;44;57;1.18;0.77
/c/la-liga/;1997-1998;SD Compostela;38;11;11;16;44;56;66;1.16;0.85
/c/la-liga/;1997-1998;Real Oviedo;38;9;13;16;40;36;51;1.05;0.71
/c/la-liga/;1997-1998;Mérida;38;9;12;17;39;33;53;1.03;0.62
/c/la-liga/;1997-1998;Sporting de Gijón;38;2;7;29;13;31;80;0.34;0.39
/c/la-liga/;1996-1997;Real Madrid;42;27;11;4;92;85;36;2.19;2.36
/c/la-liga/;1996-1997;FC Barcelona;42;28;6;8;90;102;48;2.14;2.13
/c/la-liga/;1996-1997;Deportivo La Coruña;42;21;14;7;77;57;30;1.83;1.90
/c/la-liga/;1996-1997;Real Betis;42;21;14;7;77;81;46;1.83;1.76
/c/la-liga/;1996-1997;Atlético Madrid;42;20;11;11;71;76;64;1.69;1.19
/c/la-liga/;1996-1997;Real Valladolid;42;18;10;14;64;57;46;1.52;1.24
/c/la-liga/;1996-1997;Athletic Bilbao;42;16;16;10;64;72;57;1.52;1.26
/c/la-liga/;1996-1997;Real Sociedad;42;18;9;15;63;50;47;1.50;1.06
/c/la-liga/;1996-1997;Tenerife;42;15;11;16;56;69;57;1.33;1.21
/c/la-liga/;1996-1997;Valencia CF;42;15;11;16;56;63;59;1.33;1.07
/c/la-liga/;1996-1997;SD Compostela;42;13;14;15;53;52;65;1.26;0.80
/c/la-liga/;1996-1997;RCD Espanyol;42;14;9;19;51;51;57;1.21;0.89
/c/la-liga/;1996-1997;Sporting de Gijón;42;13;11;18;50;45;63;1.19;0.71
/c/la-liga/;1996-1997;Real Zaragoza;42;12;14;16;50;58;66;1.19;0.88
/c/la-liga/;1996-1997;Racing de Santander;42;11;17;14;50;52;54;1.19;0.96
/c/la-liga/;1996-1997;Celta Vigo;42;12;13;17;49;51;54;1.17;0.94
/c/la-liga/;1996-1997;Real Oviedo;42;12;12;18;48;49;65;1.14;0.75
/c/la-liga/;1996-1997;Rayo Vallecano;42;13;6;23;45;43;62;1.07;0.69
/c/la-liga/;1996-1997;CF Extremadura;42;11;11;20;44;35;64;1.05;0.55
/c/la-liga/;1996-1997;Sevilla FC;42;12;7;23;43;50;69;1.02;0.72
/c/la-liga/;1996-1997;Hércules CF;42;12;5;25;41;40;77;0.98;0.52
/c/la-liga/;1996-1997;CD Logroñés;42;9;6;27;33;33;85;0.79;0.39
/c/la-liga/;1995-1996;Atlético Madrid;42;26;9;7;87;75;32;2.07;2.34
/c/la-liga/;1995-1996;Valencia CF;42;26;5;11;83;77;51;1.98;1.51
/c/la-liga/;1995-1996;FC Barcelona;42;22;14;6;80;72;39;1.90;1.85
/c/la-liga/;1995-1996;RCD Espanyol;42;20;14;8;74;63;36;1.76;1.75
/c/la-liga/;1995-1996;Tenerife;42;20;12;10;72;69;54;1.71;1.28
/c/la-liga/;1995-1996;Real Madrid;42;20;10;12;70;75;51;1.67;1.47
/c/la-liga/;1995-1996;Real Sociedad;42;17;12;13;63;62;53;1.50;1.17
/c/la-liga/;1995-1996;Real Betis;42;16;14;12;62;61;54;1.48;1.13
/c/la-liga/;1995-1996;Deportivo La Coruña;42;16;13;13;61;63;44;1.45;1.43
/c/la-liga/;1995-1996;SD Compostela;42;17;8;17;59;47;54;1.40;0.87
/c/la-liga/;1995-1996;Celta Vigo;42;12;16;14;52;49;51;1.24;0.96
/c/la-liga/;1995-1996;Real Oviedo;42;12;12;18;48;48;67;1.14;0.72
/c/la-liga/;1995-1996;Athletic Bilbao;42;11;15;16;48;44;55;1.14;0.80
/c/la-liga/;1995-1996;Real Zaragoza;42;11;15;16;48;51;59;1.14;0.86
/c/la-liga/;1995-1996;Sevilla FC;42;11;15;16;48;43;55;1.14;0.78
/c/la-liga/;1995-1996;Racing de Santander;42;11;14;17;47;47;69;1.12;0.68
/c/la-liga/;1995-1996;Real Valladolid;42;11;14;17;47;57;62;1.12;0.92
/c/la-liga/;1995-1996;Sporting de Gijón;42;13;7;22;46;51;60;1.10;0.85
/c/la-liga/;1995-1996;Rayo Vallecano;42;12;8;22;44;47;75;1.05;0.63
/c/la-liga/;1995-1996;Albacete;42;10;12;20;42;55;81;1.00;0.68
/c/la-liga/;1995-1996;Mérida;42;10;12;20;42;37;62;1.00;0.60
/c/la-liga/;1995-1996;UD Salamanca;42;8;9;25;33;53;82;0.79;0.65
/c/1-bundesliga/;2013-2014;FC Bayern Munich;34;29;3;2;90;94;23;2.65;4.09
/c/1-bundesliga/;2013-2014;Borussia Dortmund;34;22;5;7;71;80;38;2.09;2.11
/c/1-bundesliga/;2013-2014;Schalke 04;34;19;7;8;64;63;43;1.88;1.47
/c/1-bundesliga/;2013-2014;Bayer Leverkusen;34;19;4;11;61;60;41;1.79;1.46
/c/1-bundesliga/;2013-2014;VfL Wolfsburg;34;18;6;10;60;63;50;1.76;1.26
/c/1-bundesliga/;2013-2014;Borussia Mönchengladbach;34;16;7;11;55;59;43;1.62;1.37
/c/1-bundesliga/;2013-2014;Mainz 05;34;16;5;13;53;52;54;1.56;0.96
/c/1-bundesliga/;2013-2014;FC Augsburg;34;15;7;12;52;47;47;1.53;1.00
/c/1-bundesliga/;2013-2014;1899 Hoffenheim;34;11;11;12;44;72;70;1.29;1.03
/c/1-bundesliga/;2013-2014;Hannover 96;34;12;6;16;42;46;59;1.24;0.78
/c/1-bundesliga/;2013-2014;Hertha BSC;34;11;8;15;41;40;48;1.21;0.83
/c/1-bundesliga/;2013-2014;Werder Bremen;34;10;9;15;39;42;66;1.15;0.64
/c/1-bundesliga/;2013-2014;Eintracht Frankfurt;34;9;9;16;36;40;57;1.06;0.70
/c/1-bundesliga/;2013-2014;SC Freiburg;34;9;9;16;36;43;61;1.06;0.70
/c/1-bundesliga/;2013-2014;VfB Stuttgart;34;8;8;18;32;49;62;0.94;0.79
/c/1-bundesliga/;2013-2014;Hamburger SV;34;7;6;21;27;51;75;0.79;0.68
/c/1-bundesliga/;2013-2014;1. FC Nürnberg;34;5;11;18;26;37;70;0.76;0.53
/c/1-bundesliga/;2013-2014;Eintracht Braunschweig;34;6;7;21;25;29;60;0.74;0.48
/c/1-bundesliga/;2012-2013;FC Bayern Munich;34;29;4;1;91;98;18;2.68;5.44
/c/1-bundesliga/;2012-2013;Borussia Dortmund;34;19;9;6;66;81;42;1.94;1.93
/c/1-bundesliga/;2012-2013;Bayer Leverkusen;34;19;8;7;65;65;39;1.91;1.67
/c/1-bundesliga/;2012-2013;Schalke 04;34;16;7;11;55;58;50;1.62;1.16
/c/1-bundesliga/;2012-2013;Eintracht Frankfurt;34;14;9;11;51;49;46;1.50;1.07
/c/1-bundesliga/;2012-2013;SC Freiburg;34;14;9;11;51;45;40;1.50;1.13
/c/1-bundesliga/;2012-2013;Hamburger SV;34;14;6;14;48;42;53;1.41;0.79
/c/1-bundesliga/;2012-2013;Borussia Mönchengladbach;34;12;11;11;47;45;49;1.38;0.92
/c/1-bundesliga/;2012-2013;Hannover 96;34;13;6;15;45;60;62;1.32;0.97
/c/1-bundesliga/;2012-2013;1. FC Nuremberg;34;11;11;12;44;39;47;1.29;0.83
/c/1-bundesliga/;2012-2013;VfB Stuttgart;34;12;7;15;43;37;55;1.26;0.67
/c/1-bundesliga/;2012-2013;VfL Wolfsburg;34;10;13;11;43;47;52;1.26;0.90
/c/1-bundesliga/;2012-2013;Mainz 05;34;10;12;12;42;42;44;1.24;0.95
/c/1-bundesliga/;2012-2013;Werder Bremen;34;8;10;16;34;50;66;1.00;0.76
/c/1-bundesliga/;2012-2013;FC Augsburg;34;8;9;17;33;33;51;0.97;0.65
/c/1-bundesliga/;2012-2013;1899 Hoffenheim;34;8;7;19;31;42;67;0.91;0.63
/c/1-bundesliga/;2012-2013;Fortuna Düsseldorf;34;7;9;18;30;39;57;0.88;0.68
/c/1-bundesliga/;2012-2013;SpVgg Greuther Fürth;34;4;9;21;21;26;60;0.62;0.43
/c/1-bundesliga/;2011-2012;Borussia Dortmund;34;25;6;3;81;80;25;2.38;3.20
/c/1-bundesliga/;2011-2012;FC Bayern Munich;34;23;4;7;73;77;22;2.15;3.50
/c/1-bundesliga/;2011-2012;Schalke 04;34;20;4;10;64;74;44;1.88;1.68
/c/1-bundesliga/;2011-2012;Borussia Mönchengladbach;34;17;9;8;60;49;24;1.76;2.04
/c/1-bundesliga/;2011-2012;Bayer Leverkusen;34;15;9;10;54;52;44;1.59;1.18
/c/1-bundesliga/;2011-2012;VfB Stuttgart;34;15;8;11;53;63;46;1.56;1.37
/c/1-bundesliga/;2011-2012;Hannover 96;34;12;12;10;48;41;45;1.41;0.91
/c/1-bundesliga/;2011-2012;VfL Wolfsburg;34;13;5;16;44;47;60;1.29;0.78
/c/1-bundesliga/;2011-2012;1. FC Nuremberg;34;12;6;16;42;38;49;1.24;0.78
/c/1-bundesliga/;2011-2012;Werder Bremen;34;11;9;14;42;49;58;1.24;0.84
/c/1-bundesliga/;2011-2012;1899 Hoffenheim;34;10;11;13;41;41;47;1.21;0.87
/c/1-bundesliga/;2011-2012;SC Freiburg;34;10;10;14;40;45;61;1.18;0.74
/c/1-bundesliga/;2011-2012;Mainz 05;34;9;12;13;39;47;51;1.15;0.92
/c/1-bundesliga/;2011-2012;FC Augsburg;34;8;14;12;38;36;49;1.12;0.73
/c/1-bundesliga/;2011-2012;Hamburger SV;34;8;12;14;36;35;57;1.06;0.61
/c/1-bundesliga/;2011-2012;Hertha BSC;34;7;10;17;31;38;64;0.91;0.59
/c/1-bundesliga/;2011-2012;1. FC Köln;34;8;6;20;30;39;75;0.88;0.52
/c/1-bundesliga/;2011-2012;1. FC Kaiserslautern;34;4;11;19;23;24;54;0.68;0.44
/c/1-bundesliga/;2010-2011;Borussia Dortmund;34;23;6;5;75;67;22;2.21;3.05
/c/1-bundesliga/;2010-2011;Bayer Leverkusen;34;20;8;6;68;64;44;2.00;1.45
/c/1-bundesliga/;2010-2011;FC Bayern Munich;34;19;8;7;65;81;40;1.91;2.03
/c/1-bundesliga/;2010-2011;Hannover 96;34;19;3;12;60;49;45;1.76;1.09
/c/1-bundesliga/;2010-2011;Mainz 05;34;18;4;12;58;52;39;1.71;1.33
/c/1-bundesliga/;2010-2011;1. FC Nürnberg;34;13;8;13;47;47;45;1.38;1.04
/c/1-bundesliga/;2010-2011;1. FC Kaiserslautern;34;12;7;14;46;48;51;1.35;0.94
/c/1-bundesliga/;2010-2011;Hamburger SV;34;12;9;13;45;46;52;1.32;0.88
/c/1-bundesliga/;2010-2011;1. FC Köln;34;13;5;16;44;47;62;1.29;0.76
/c/1-bundesliga/;2010-2011;SC Freiburg;34;13;5;16;44;41;50;1.29;0.82
/c/1-bundesliga/;2010-2011;1899 Hoffenheim;34;11;10;13;43;50;50;1.26;1.00
/c/1-bundesliga/;2010-2011;VfB Stuttgart;34;12;6;16;42;60;59;1.24;1.02
/c/1-bundesliga/;2010-2011;Werder Bremen;34;10;11;13;41;47;61;1.21;0.77
/c/1-bundesliga/;2010-2011;Schalke 04;34;11;7;16;40;38;44;1.18;0.86
/c/1-bundesliga/;2010-2011;VfL Wolfsburg;34;9;11;14;38;43;48;1.12;0.90
/c/1-bundesliga/;2010-2011;Borussia Mönchengladbach;34;10;6;18;36;48;65;1.06;0.74
/c/1-bundesliga/;2010-2011;Eintracht Frankfurt;34;9;7;18;34;31;49;1.00;0.63
/c/1-bundesliga/;2010-2011;FC St. Pauli;34;8;5;21;29;35;68;0.85;0.51
/c/1-bundesliga/;2009-2010;FC Bayern Munich;34;20;10;4;70;72;31;2.06;2.32
/c/1-bundesliga/;2009-2010;Schalke 04;34;19;8;7;65;53;31;1.91;1.71
/c/1-bundesliga/;2009-2010;Werder Bremen;34;17;10;7;61;71;40;1.79;1.78
/c/1-bundesliga/;2009-2010;Bayer Leverkusen;34;15;14;5;59;65;38;1.74;1.71
/c/1-bundesliga/;2009-2010;Borussia Dortmund;34;16;9;9;57;54;42;1.68;1.29
/c/1-bundesliga/;2009-2010;VfB Stuttgart;34;15;10;9;55;51;41;1.62;1.24
/c/1-bundesliga/;2009-2010;Hamburger SV;34;13;13;8;52;56;41;1.53;1.37
/c/1-bundesliga/;2009-2010;VfL Wolfsburg;34;14;8;12;50;64;58;1.47;1.10
/c/1-bundesliga/;2009-2010;Mainz 05;34;12;11;11;47;36;42;1.38;0.86
/c/1-bundesliga/;2009-2010;Eintracht Frankfurt;34;12;10;12;46;47;54;1.35;0.87
/c/1-bundesliga/;2009-2010;1899 Hoffenheim;34;11;9;14;42;44;42;1.24;1.05
/c/1-bundesliga/;2009-2010;Borussia Mönchengladbach;34;10;9;15;39;43;60;1.15;0.72
/c/1-bundesliga/;2009-2010;1. FC Köln;34;9;11;14;38;33;42;1.12;0.79
/c/1-bundesliga/;2009-2010;SC Freiburg;34;9;8;17;35;35;59;1.03;0.59
/c/1-bundesliga/;2009-2010;Hannover 96;34;9;6;19;33;43;67;0.97;0.64
/c/1-bundesliga/;2009-2010;1. FC Nuremberg;34;8;7;19;31;32;58;0.91;0.55
/c/1-bundesliga/;2009-2010;VfL Bochum;34;6;10;18;28;33;64;0.82;0.52
/c/1-bundesliga/;2009-2010;Hertha BSC;34;5;9;20;24;34;56;0.71;0.61
/c/1-bundesliga/;2008-2009;VfL Wolfsburg;34;21;6;7;69;80;41;2.03;1.95
/c/1-bundesliga/;2008-2009;FC Bayern Munich;34;20;7;7;67;71;42;1.97;1.69
/c/1-bundesliga/;2008-2009;VfB Stuttgart;34;19;7;8;64;63;43;1.88;1.47
/c/1-bundesliga/;2008-2009;Hertha BSC;34;19;6;9;63;48;41;1.85;1.17
/c/1-bundesliga/;2008-2009;Hamburger SV;34;19;4;11;61;49;47;1.79;1.04
/c/1-bundesliga/;2008-2009;Borussia Dortmund;34;15;14;5;59;60;37;1.74;1.62
/c/1-bundesliga/;2008-2009;1899 Hoffenheim;34;15;10;9;55;63;49;1.62;1.29
/c/1-bundesliga/;2008-2009;Schalke 04;34;14;8;12;50;47;35;1.47;1.34
/c/1-bundesliga/;2008-2009;Bayer Leverkusen;34;14;7;13;49;59;46;1.44;1.28
/c/1-bundesliga/;2008-2009;Werder Bremen;34;12;9;13;45;64;50;1.32;1.28
/c/1-bundesliga/;2008-2009;Hannover 96;34;10;10;14;40;49;69;1.18;0.71
/c/1-bundesliga/;2008-2009;1. FC Köln;34;11;6;17;39;35;50;1.15;0.70
/c/1-bundesliga/;2008-2009;Eintracht Frankfurt;34;8;9;17;33;39;60;0.97;0.65
/c/1-bundesliga/;2008-2009;VfL Bochum;34;7;11;16;32;39;55;0.94;0.71
/c/1-bundesliga/;2008-2009;Borussia Mönchengladbach;34;8;7;19;31;39;62;0.91;0.63
/c/1-bundesliga/;2008-2009;Energie Cottbus;34;8;6;20;30;30;57;0.88;0.53
/c/1-bundesliga/;2008-2009;Karlsruher SC;34;8;5;21;29;30;54;0.85;0.56
/c/1-bundesliga/;2008-2009;Arminia Bielefeld;34;4;16;14;28;29;56;0.82;0.52
/c/1-bundesliga/;2007-2008;FC Bayern Munich;34;22;10;2;76;68;21;2.24;3.24
/c/1-bundesliga/;2007-2008;Werder Bremen;34;20;6;8;66;75;45;1.94;1.67
/c/1-bundesliga/;2007-2008;Schalke 04;34;18;10;6;64;55;32;1.88;1.72
/c/1-bundesliga/;2007-2008;VfL Wolfsburg;34;15;9;10;54;58;46;1.59;1.26
/c/1-bundesliga/;2007-2008;Hamburger SV;34;14;12;8;54;47;26;1.59;1.81
/c/1-bundesliga/;2007-2008;VfB Stuttgart;34;16;4;14;52;57;57;1.53;1.00
/c/1-bundesliga/;2007-2008;Bayer Leverkusen;34;15;6;13;51;57;40;1.50;1.43
/c/1-bundesliga/;2007-2008;Hannover 96;34;13;10;11;49;54;56;1.44;0.96
/c/1-bundesliga/;2007-2008;Eintracht Frankfurt;34;12;10;12;46;43;50;1.35;0.86
/c/1-bundesliga/;2007-2008;Hertha BSC;34;12;8;14;44;39;44;1.29;0.89
/c/1-bundesliga/;2007-2008;Karlsruher SC;34;11;10;13;43;38;53;1.26;0.72
/c/1-bundesliga/;2007-2008;VfL Bochum;34;10;11;13;41;48;54;1.21;0.89
/c/1-bundesliga/;2007-2008;Borussia Dortmund;34;10;10;14;40;50;62;1.18;0.81
/c/1-bundesliga/;2007-2008;Energie Cottbus;34;9;9;16;36;35;56;1.06;0.63
/c/1-bundesliga/;2007-2008;Arminia Bielefeld;34;8;10;16;34;35;60;1.00;0.58
/c/1-bundesliga/;2007-2008;1. FC Nuremberg;34;7;10;17;31;35;51;0.91;0.69
/c/1-bundesliga/;2007-2008;Hansa Rostock;34;8;6;20;30;30;52;0.88;0.58
/c/1-bundesliga/;2007-2008;MSV Duisburg;34;8;5;21;29;36;55;0.85;0.65
/c/1-bundesliga/;2006-2007;VfB Stuttgart;34;21;7;6;70;61;37;2.06;1.65
/c/1-bundesliga/;2006-2007;Schalke 04;34;21;5;8;68;53;32;2.00;1.66
/c/1-bundesliga/;2006-2007;Werder Bremen;34;20;6;8;66;76;40;1.94;1.90
/c/1-bundesliga/;2006-2007;FC Bayern Munich;34;18;6;10;60;55;40;1.76;1.38
/c/1-bundesliga/;2006-2007;Bayer Leverkusen;34;15;6;13;51;54;49;1.50;1.10
/c/1-bundesliga/;2006-2007;1. FC Nuremberg;34;11;15;8;48;43;32;1.41;1.34
/c/1-bundesliga/;2006-2007;VfL Bochum;34;13;6;15;45;49;50;1.32;0.98
/c/1-bundesliga/;2006-2007;Hamburger SV;34;10;15;9;45;43;37;1.32;1.16
/c/1-bundesliga/;2006-2007;Borussia Dortmund;34;12;8;14;44;41;43;1.29;0.95
/c/1-bundesliga/;2006-2007;Hannover 96;34;12;8;14;44;41;50;1.29;0.82
/c/1-bundesliga/;2006-2007;Hertha BSC;34;12;8;14;44;50;55;1.29;0.91
/c/1-bundesliga/;2006-2007;Arminia Bielefeld;34;11;9;14;42;47;49;1.24;0.96
/c/1-bundesliga/;2006-2007;Energie Cottbus;34;11;8;15;41;38;49;1.21;0.78
/c/1-bundesliga/;2006-2007;Eintracht Frankfurt;34;9;13;12;40;46;58;1.18;0.79
/c/1-bundesliga/;2006-2007;VfL Wolfsburg;34;8;13;13;37;37;45;1.09;0.82
/c/1-bundesliga/;2006-2007;Alemannia Aachen;34;9;7;18;34;46;70;1.00;0.66
/c/1-bundesliga/;2006-2007;Mainz 05;34;8;10;16;34;34;57;1.00;0.60
/c/1-bundesliga/;2006-2007;Borussia Mönchengladbach;34;6;8;20;26;23;44;0.76;0.52
/c/1-bundesliga/;2005-2006;FC Bayern Munich;34;22;9;3;75;67;32;2.21;2.09
/c/1-bundesliga/;2005-2006;Werder Bremen;34;21;7;6;70;79;37;2.06;2.14
/c/1-bundesliga/;2005-2006;Hamburger SV;34;21;5;8;68;53;30;2.00;1.77
/c/1-bundesliga/;2005-2006;Schalke 04;34;16;13;5;61;47;31;1.79;1.52
/c/1-bundesliga/;2005-2006;Bayer Leverkusen;34;14;10;10;52;64;49;1.53;1.31
/c/1-bundesliga/;2005-2006;Hertha BSC;34;12;12;10;48;52;48;1.41;1.08
/c/1-bundesliga/;2005-2006;Borussia Dortmund;34;11;13;10;46;45;42;1.35;1.07
/c/1-bundesliga/;2005-2006;1. FC Nuremberg;34;12;8;14;44;49;51;1.29;0.96
/c/1-bundesliga/;2005-2006;VfB Stuttgart;34;9;16;9;43;37;39;1.26;0.95
/c/1-bundesliga/;2005-2006;Borussia Mönchengladbach;34;10;12;12;42;42;50;1.24;0.84
/c/1-bundesliga/;2005-2006;Mainz 05;34;9;11;14;38;46;47;1.12;0.98
/c/1-bundesliga/;2005-2006;Hannover 96;34;7;17;10;38;43;47;1.12;0.91
/c/1-bundesliga/;2005-2006;Arminia Bielefeld;34;10;7;17;37;32;47;1.09;0.68
/c/1-bundesliga/;2005-2006;Eintracht Frankfurt;34;9;9;16;36;42;51;1.06;0.82
/c/1-bundesliga/;2005-2006;VfL Wolfsburg;34;7;13;14;34;33;55;1.00;0.60
/c/1-bundesliga/;2005-2006;1. FC Kaiserslautern;34;8;9;17;33;47;71;0.97;0.66
/c/1-bundesliga/;2005-2006;1. FC Köln;34;7;9;18;30;49;71;0.88;0.69
/c/1-bundesliga/;2005-2006;MSV Duisburg;34;5;12;17;27;34;63;0.79;0.54
/c/1-bundesliga/;2004-2005;FC Bayern Munich;34;24;5;5;77;75;33;2.26;2.27
/c/1-bundesliga/;2004-2005;Schalke 04;34;20;3;11;63;56;46;1.85;1.22
/c/1-bundesliga/;2004-2005;Werder Bremen;34;18;5;11;59;68;37;1.74;1.84
/c/1-bundesliga/;2004-2005;VfB Stuttgart;34;17;7;10;58;54;40;1.71;1.35
/c/1-bundesliga/;2004-2005;Hertha BSC;34;15;13;6;58;59;31;1.71;1.90
/c/1-bundesliga/;2004-2005;Bayer Leverkusen;34;16;9;9;57;65;44;1.68;1.48
/c/1-bundesliga/;2004-2005;Borussia Dortmund;34;15;10;9;55;47;44;1.62;1.07
/c/1-bundesliga/;2004-2005;Hamburger SV;34;16;3;15;51;55;50;1.50;1.10
/c/1-bundesliga/;2004-2005;VfL Wolfsburg;34;15;3;16;48;49;51;1.41;0.96
/c/1-bundesliga/;2004-2005;Hannover 96;34;13;6;15;45;34;36;1.32;0.94
/c/1-bundesliga/;2004-2005;Mainz 05;34;12;7;15;43;50;55;1.26;0.91
/c/1-bundesliga/;2004-2005;1. FC Kaiserslautern;34;12;6;16;42;43;52;1.24;0.83
/c/1-bundesliga/;2004-2005;Arminia Bielefeld;34;11;7;16;40;37;49;1.18;0.76
/c/1-bundesliga/;2004-2005;1. FC Nuremberg;34;10;8;16;38;55;63;1.12;0.87
/c/1-bundesliga/;2004-2005;Borussia Mönchengladbach;34;8;12;14;36;35;51;1.06;0.69
/c/1-bundesliga/;2004-2005;VfL Bochum;34;9;8;17;35;47;68;1.03;0.69
/c/1-bundesliga/;2004-2005;Hansa Rostock;34;7;9;18;30;31;65;0.88;0.48
/c/1-bundesliga/;2004-2005;SC Freiburg;34;3;9;22;18;30;75;0.53;0.40
/c/1-bundesliga/;2003-2004;Werder Bremen;34;22;8;4;74;79;38;2.18;2.08
/c/1-bundesliga/;2003-2004;FC Bayern Munich;34;20;8;6;68;70;39;2.00;1.79
/c/1-bundesliga/;2003-2004;Bayer Leverkusen;34;19;8;7;65;73;39;1.91;1.87
/c/1-bundesliga/;2003-2004;VfB Stuttgart;34;18;10;6;64;52;24;1.88;2.17
/c/1-bundesliga/;2003-2004;VfL Bochum;34;15;11;8;56;57;39;1.65;1.46
/c/1-bundesliga/;2003-2004;Borussia Dortmund;34;16;7;11;55;59;48;1.62;1.23
/c/1-bundesliga/;2003-2004;Schalke 04;34;13;11;10;50;49;42;1.47;1.17
/c/1-bundesliga/;2003-2004;Hamburger SV;34;14;7;13;49;47;60;1.44;0.78
/c/1-bundesliga/;2003-2004;Hansa Rostock;34;12;8;14;44;55;54;1.29;1.02
/c/1-bundesliga/;2003-2004;VfL Wolfsburg;34;13;3;18;42;56;61;1.24;0.92
/c/1-bundesliga/;2003-2004;Borussia Mönchengladbach;34;10;9;15;39;40;49;1.15;0.82
/c/1-bundesliga/;2003-2004;Hertha BSC;34;9;12;13;39;42;59;1.15;0.71
/c/1-bundesliga/;2003-2004;SC Freiburg;34;10;8;16;38;42;67;1.12;0.63
/c/1-bundesliga/;2003-2004;Hannover 96;34;9;10;15;37;49;63;1.09;0.78
/c/1-bundesliga/;2003-2004;1. FC Kaiserslautern;34;11;6;17;36;39;62;1.06;0.63
/c/1-bundesliga/;2003-2004;Eintracht Frankfurt;34;9;5;20;32;36;53;0.94;0.68
/c/1-bundesliga/;2003-2004;TSV 1860 München;34;8;8;18;32;32;55;0.94;0.58
/c/1-bundesliga/;2003-2004;1. FC Köln;34;6;5;23;23;32;57;0.68;0.56
/c/1-bundesliga/;2002-2003;FC Bayern Munich;34;23;6;5;75;70;25;2.21;2.80
/c/1-bundesliga/;2002-2003;VfB Stuttgart;34;17;8;9;59;53;39;1.74;1.36
/c/1-bundesliga/;2002-2003;Borussia Dortmund;34;15;13;6;58;51;27;1.71;1.89
/c/1-bundesliga/;2002-2003;Hamburger SV;34;15;11;8;56;46;36;1.65;1.28
/c/1-bundesliga/;2002-2003;Hertha BSC;34;16;6;12;54;52;43;1.59;1.21
/c/1-bundesliga/;2002-2003;Werder Bremen;34;16;4;14;52;51;50;1.53;1.02
/c/1-bundesliga/;2002-2003;Schalke 04;34;12;13;9;49;46;40;1.44;1.15
/c/1-bundesliga/;2002-2003;VfL Wolfsburg;34;13;7;14;46;39;42;1.35;0.93
/c/1-bundesliga/;2002-2003;TSV 1860 München;34;12;9;13;45;44;52;1.32;0.85
/c/1-bundesliga/;2002-2003;VfL Bochum;34;12;9;13;45;55;56;1.32;0.98
/c/1-bundesliga/;2002-2003;Hannover 96;34;12;7;15;43;47;57;1.26;0.82
/c/1-bundesliga/;2002-2003;Borussia Mönchengladbach;34;11;9;14;42;43;45;1.24;0.96
/c/1-bundesliga/;2002-2003;Hansa Rostock;34;11;8;15;41;35;41;1.21;0.85
/c/1-bundesliga/;2002-2003;Bayer Leverkusen;34;11;7;16;40;47;56;1.18;0.84
/c/1-bundesliga/;2002-2003;1. FC Kaiserslautern;34;10;10;14;40;40;42;1.18;0.95
/c/1-bundesliga/;2002-2003;Arminia Bielefeld;34;8;12;14;36;35;46;1.06;0.76
/c/1-bundesliga/;2002-2003;1. FC Nuremberg;34;8;6;20;30;33;60;0.88;0.55
/c/1-bundesliga/;2002-2003;Energie Cottbus;34;7;9;18;30;34;64;0.88;0.53
/c/1-bundesliga/;2001-2002;Borussia Dortmund;34;21;7;6;70;62;33;2.06;1.88
/c/1-bundesliga/;2001-2002;Bayer Leverkusen;34;21;6;7;69;77;38;2.03;2.03
/c/1-bundesliga/;2001-2002;FC Bayern Munich;34;20;8;6;68;65;25;2.00;2.60
/c/1-bundesliga/;2001-2002;Hertha BSC;34;18;7;9;61;61;38;1.79;1.61
/c/1-bundesliga/;2001-2002;Schalke 04;34;18;7;9;61;52;36;1.79;1.44
/c/1-bundesliga/;2001-2002;1. FC Kaiserslautern;34;17;5;12;56;62;53;1.65;1.17
/c/1-bundesliga/;2001-2002;Werder Bremen;34;17;5;12;56;54;43;1.65;1.26
/c/1-bundesliga/;2001-2002;TSV 1860 München;34;15;5;14;50;59;59;1.47;1.00
/c/1-bundesliga/;2001-2002;VfB Stuttgart;34;13;11;10;50;47;43;1.47;1.09
/c/1-bundesliga/;2001-2002;VfL Wolfsburg;34;13;7;14;46;57;49;1.35;1.16
/c/1-bundesliga/;2001-2002;Hamburger SV;34;10;10;14;40;51;57;1.18;0.89
/c/1-bundesliga/;2001-2002;Borussia Mönchengladbach;34;9;12;13;39;41;53;1.15;0.77
/c/1-bundesliga/;2001-2002;Energie Cottbus;34;9;8;17;35;36;60;1.03;0.60
/c/1-bundesliga/;2001-2002;1. FC Nuremberg;34;10;4;20;34;34;57;1.00;0.60
/c/1-bundesliga/;2001-2002;Hansa Rostock;34;9;7;18;34;35;54;1.00;0.65
/c/1-bundesliga/;2001-2002;SC Freiburg;34;7;9;18;30;37;64;0.88;0.58
/c/1-bundesliga/;2001-2002;1. FC Köln;34;7;8;19;29;26;61;0.85;0.43
/c/1-bundesliga/;2001-2002;FC St. Pauli;34;4;10;20;22;37;70;0.65;0.53
/c/1-bundesliga/;2000-2001;FC Bayern Munich;34;19;6;9;63;62;37;1.85;1.68
/c/1-bundesliga/;2000-2001;Schalke 04;34;18;8;8;62;65;35;1.82;1.86
/c/1-bundesliga/;2000-2001;Borussia Dortmund;34;16;10;8;58;62;42;1.71;1.48
/c/1-bundesliga/;2000-2001;Bayer Leverkusen;34;17;6;11;57;54;40;1.68;1.35
/c/1-bundesliga/;2000-2001;Hertha BSC;34;18;2;14;56;58;52;1.65;1.12
/c/1-bundesliga/;2000-2001;SC Freiburg;34;15;10;9;55;54;37;1.62;1.46
/c/1-bundesliga/;2000-2001;Werder Bremen;34;15;8;11;53;53;48;1.56;1.10
/c/1-bundesliga/;2000-2001;1. FC Kaiserslautern;34;15;5;14;50;49;54;1.47;0.91
/c/1-bundesliga/;2000-2001;VfL Wolfsburg;34;12;11;11;47;60;45;1.38;1.33
/c/1-bundesliga/;2000-2001;1. FC Köln;34;12;10;12;46;59;52;1.35;1.13
/c/1-bundesliga/;2000-2001;TSV 1860 München;34;12;8;14;44;43;55;1.29;0.78
/c/1-bundesliga/;2000-2001;Hansa Rostock;34;12;7;15;43;34;47;1.26;0.72
/c/1-bundesliga/;2000-2001;Hamburger SV;34;10;11;13;41;58;58;1.21;1.00
/c/1-bundesliga/;2000-2001;Energie Cottbus;34;12;3;19;39;38;52;1.15;0.73
/c/1-bundesliga/;2000-2001;VfB Stuttgart;34;9;11;14;38;42;49;1.12;0.86
/c/1-bundesliga/;2000-2001;Eintracht Frankfurt;34;10;5;19;35;41;68;1.03;0.60
/c/1-bundesliga/;2000-2001;SpVgg Unterhaching;34;8;11;15;35;35;59;1.03;0.59
/c/1-bundesliga/;2000-2001;VfL Bochum;34;7;6;21;27;30;67;0.79;0.45
/c/1-bundesliga/;1999-2000;FC Bayern Munich;34;22;7;5;73;73;28;2.15;2.61
/c/1-bundesliga/;1999-2000;Bayer Leverkusen;34;21;10;3;73;74;36;2.15;2.06
/c/1-bundesliga/;1999-2000;Hamburger SV;34;16;11;7;59;63;39;1.74;1.62
/c/1-bundesliga/;1999-2000;TSV 1860 München;34;14;11;9;53;55;48;1.56;1.15
/c/1-bundesliga/;1999-2000;1. FC Kaiserslautern;34;15;5;14;50;54;59;1.47;0.92
/c/1-bundesliga/;1999-2000;Hertha BSC;34;13;11;10;50;39;46;1.47;0.85
/c/1-bundesliga/;1999-2000;VfL Wolfsburg;34;12;13;9;49;51;58;1.44;0.88
/c/1-bundesliga/;1999-2000;VfB Stuttgart;34;14;6;14;48;44;47;1.41;0.94
/c/1-bundesliga/;1999-2000;Werder Bremen;34;13;8;13;47;65;52;1.38;1.25
/c/1-bundesliga/;1999-2000;SpVgg Unterhaching;34;12;8;14;44;40;42;1.29;0.95
/c/1-bundesliga/;1999-2000;SC Freiburg;34;10;10;14;40;45;50;1.18;0.90
/c/1-bundesliga/;1999-2000;Borussia Dortmund;34;9;13;12;40;41;38;1.18;1.08
/c/1-bundesliga/;1999-2000;Eintracht Frankfurt;34;12;5;17;39;42;44;1.15;0.95
/c/1-bundesliga/;1999-2000;Schalke 04;34;8;15;11;39;42;44;1.15;0.95
/c/1-bundesliga/;1999-2000;Hansa Rostock;34;8;14;12;38;44;60;1.12;0.73
/c/1-bundesliga/;1999-2000;SSV Ulm 1846;34;9;8;17;35;36;62;1.03;0.58
/c/1-bundesliga/;1999-2000;Arminia Bielefeld;34;7;9;18;30;40;61;0.88;0.66
/c/1-bundesliga/;1999-2000;MSV Duisburg;34;4;10;20;22;37;71;0.65;0.52
/c/1-bundesliga/;1998-1999;FC Bayern Munich;34;24;6;4;76;28;2.71
/c/1-bundesliga/;1998-1999;Hertha BSC;34;18;8;8;59;32;1.84
/c/1-bundesliga/;1998-1999;1. FC Kaiserslautern;34;17;6;11;51;47;1.09
/c/1-bundesliga/;1998-1999;Bayer Leverkusen;34;17;12;5;61;30;2.03
/c/1-bundesliga/;1998-1999;Borussia Dortmund;34;16;9;9;48;34;1.41
/c/1-bundesliga/;1998-1999;VfL Wolfsburg;34;15;10;9;54;49;1.10
/c/1-bundesliga/;1998-1999;Hamburger SV;34;13;11;10;47;46;1.02
/c/1-bundesliga/;1998-1999;MSV Duisburg;34;13;10;11;48;45;1.07
/c/1-bundesliga/;1998-1999;TSV 1860 München;34;11;8;15;49;56;0.88
/c/1-bundesliga/;1998-1999;SC Freiburg;34;10;9;15;36;44;0.82
/c/1-bundesliga/;1998-1999;Schalke 04;34;10;11;13;41;54;0.76
/c/1-bundesliga/;1998-1999;Werder Bremen;34;10;8;16;41;47;0.87
/c/1-bundesliga/;1998-1999;Eintracht Frankfurt;34;9;10;15;44;54;0.81
/c/1-bundesliga/;1998-1999;Hansa Rostock;34;9;11;14;49;58;0.84
/c/1-bundesliga/;1998-1999;VfB Stuttgart;34;9;12;13;41;48;0.85
/c/1-bundesliga/;1998-1999;1. FC Nürnberg;34;7;16;11;40;50;0.80
/c/1-bundesliga/;1998-1999;VfL Bochum;34;7;8;19;40;65;0.62
/c/1-bundesliga/;1998-1999;Borussia Mönchengladbach;34;4;9;21;41;79;0.52
/c/1-bundesliga/;1997-1998;1. FC Kaiserslautern;34;19;11;4;63;39;1.62
/c/1-bundesliga/;1997-1998;FC Bayern Munich;34;19;9;6;69;37;1.86
/c/1-bundesliga/;1997-1998;Bayer Leverkusen;34;14;13;7;66;39;1.69
/c/1-bundesliga/;1997-1998;Hansa Rostock;34;14;9;11;54;46;1.17
/c/1-bundesliga/;1997-1998;VfB Stuttgart;34;14;10;10;55;49;1.12
/c/1-bundesliga/;1997-1998;Werder Bremen;34;14;8;12;43;47;0.91
/c/1-bundesliga/;1997-1998;Schalke 04;34;13;13;8;38;32;1.19
/c/1-bundesliga/;1997-1998;Hertha BSC;34;12;7;15;41;53;0.77
/c/1-bundesliga/;1997-1998;Borussia Dortmund;34;11;10;13;57;55;1.04
/c/1-bundesliga/;1997-1998;Hamburger SV;34;11;11;12;38;46;0.83
/c/1-bundesliga/;1997-1998;MSV Duisburg;34;11;11;12;43;44;0.98
/c/1-bundesliga/;1997-1998;TSV 1860 München;34;11;8;15;43;54;0.80
/c/1-bundesliga/;1997-1998;VfL Bochum;34;11;8;15;41;49;0.84
/c/1-bundesliga/;1997-1998;VfL Wolfsburg;34;11;6;17;38;54;0.70
/c/1-bundesliga/;1997-1998;1. FC Köln;34;10;6;18;49;64;0.77
/c/1-bundesliga/;1997-1998;Borussia Mönchengladbach;34;9;11;14;54;59;0.92
/c/1-bundesliga/;1997-1998;Karlsruher SC;34;9;11;14;48;60;0.80
/c/1-bundesliga/;1997-1998;Arminia Bielefeld;34;8;8;18;43;56;0.77
/c/1-bundesliga/;1996-1997;Bayer Leverkusen;34;21;6;7;69;41;1.68
/c/1-bundesliga/;1996-1997;FC Bayern Munich;34;20;11;3;68;34;2.00
/c/1-bundesliga/;1996-1997;Borussia Dortmund;34;19;6;9;63;41;1.54
/c/1-bundesliga/;1996-1997;VfB Stuttgart;34;18;7;9;78;40;1.95
/c/1-bundesliga/;1996-1997;VfL Bochum;34;14;11;9;54;51;1.06
/c/1-bundesliga/;1996-1997;Werder Bremen;34;14;6;14;53;52;1.02
/c/1-bundesliga/;1996-1997;1. FC Köln;34;13;5;16;62;62;1.00
/c/1-bundesliga/;1996-1997;Karlsruher SC;34;13;10;11;55;44;1.25
/c/1-bundesliga/;1996-1997;TSV 1860 München;34;13;10;11;56;56;1.00
/c/1-bundesliga/;1996-1997;Borussia Mönchengladbach;34;12;7;15;46;48;0.96
/c/1-bundesliga/;1996-1997;MSV Duisburg;34;12;9;13;44;49;0.90
/c/1-bundesliga/;1996-1997;Arminia Bielefeld;34;11;7;16;46;54;0.85
/c/1-bundesliga/;1996-1997;Hansa Rostock;34;11;7;16;35;46;0.76
/c/1-bundesliga/;1996-1997;Schalke 04;34;11;10;13;35;40;0.88
/c/1-bundesliga/;1996-1997;Hamburger SV;34;10;11;13;46;60;0.77
/c/1-bundesliga/;1996-1997;Fortuna Düsseldorf;34;9;6;19;26;57;0.46
/c/1-bundesliga/;1996-1997;SC Freiburg;34;8;5;21;43;67;0.64
/c/1-bundesliga/;1996-1997;FC St. Pauli;34;7;6;21;32;69;0.46
/c/1-bundesliga/;1995-1996;Borussia Dortmund;34;19;11;4;76;38;2.00
/c/1-bundesliga/;1995-1996;FC Bayern Munich;34;19;5;10;66;46;1.43
/c/1-bundesliga/;1995-1996;Borussia Mönchengladbach;34;15;8;11;52;51;1.02
/c/1-bundesliga/;1995-1996;Schalke 04;34;14;14;6;45;36;1.25
/c/1-bundesliga/;1995-1996;Hansa Rostock;34;13;10;11;47;43;1.09
/c/1-bundesliga/;1995-1996;Hamburger SV;34;12;14;8;52;47;1.11
/c/1-bundesliga/;1995-1996;Karlsruher SC;34;12;12;10;53;47;1.13
/c/1-bundesliga/;1995-1996;SC Freiburg;34;11;9;14;30;41;0.73
/c/1-bundesliga/;1995-1996;TSV 1860 München;34;11;12;11;52;46;1.13
/c/1-bundesliga/;1995-1996;VfB Stuttgart;34;10;13;11;59;62;0.95
/c/1-bundesliga/;1995-1996;Werder Bremen;34;10;14;10;39;42;0.93
/c/1-bundesliga/;1995-1996;1. FC Köln;34;9;13;12;33;35;0.94
/c/1-bundesliga/;1995-1996;FC St. Pauli;34;9;11;14;43;51;0.84
/c/1-bundesliga/;1995-1996;Bayer Leverkusen;34;8;14;12;37;38;0.97
/c/1-bundesliga/;1995-1996;Fortuna Düsseldorf;34;8;16;10;40;47;0.85
/c/1-bundesliga/;1995-1996;Eintracht Frankfurt;34;7;11;16;43;68;0.63
/c/1-bundesliga/;1995-1996;1. FC Kaiserslautern;34;6;18;10;31;37;0.84
/c/1-bundesliga/;1995-1996;KFC Uerdingen;34;5;11;18;33;56;0.59
/c/serie-a/;2013-2014;Juventus;38;33;3;2;102;80;23;2.68;3.48
/c/serie-a/;2013-2014;Roma;38;26;7;5;85;72;25;2.24;2.88
/c/serie-a/;2013-2014;Napoli;38;23;9;6;78;77;39;2.05;1.97
/c/serie-a/;2013-2014;AFC Fiorentina;38;19;8;11;65;65;44;1.71;1.48
/c/serie-a/;2013-2014;Inter Milan;38;15;15;8;60;62;39;1.58;1.59
/c/serie-a/;2013-2014;Parma F.C.;38;15;13;10;58;58;46;1.53;1.26
/c/serie-a/;2013-2014;AC Milan;38;16;9;13;57;57;49;1.50;1.16
/c/serie-a/;2013-2014;Torino FC;38;15;12;11;57;58;48;1.50;1.21
/c/serie-a/;2013-2014;Lazio;38;15;11;12;56;54;54;1.47;1.00
/c/serie-a/;2013-2014;Verona;38;16;6;16;54;62;68;1.42;0.91
/c/serie-a/;2013-2014;Atalanta;38;15;5;18;50;43;51;1.32;0.84
/c/serie-a/;2013-2014;Sampdoria;38;12;9;17;45;48;62;1.18;0.77
/c/serie-a/;2013-2014;Udinese;38;12;8;18;44;46;57;1.16;0.81
/c/serie-a/;2013-2014;Genoa;38;11;11;16;44;41;50;1.16;0.82
/c/serie-a/;2013-2014;Cagliari;38;9;12;17;39;34;53;1.03;0.64
/c/serie-a/;2013-2014;Chievo;38;10;6;22;36;34;54;0.95;0.63
/c/serie-a/;2013-2014;US Sassuolo;38;9;7;22;34;43;72;0.89;0.60
/c/serie-a/;2013-2014;Catania;38;8;8;22;32;34;66;0.84;0.52
/c/serie-a/;2013-2014;Bologna;38;5;14;19;29;28;58;0.76;0.48
/c/serie-a/;2013-2014;Livorno;38;6;7;25;25;39;77;0.66;0.51
/c/serie-a/;2012-2013;Juventus;38;27;6;5;87;71;24;2.29;2.96
/c/serie-a/;2012-2013;Napoli;38;23;9;6;78;73;36;2.05;2.03
/c/serie-a/;2012-2013;AC Milan;38;21;9;8;72;67;39;1.89;1.72
/c/serie-a/;2012-2013;AFC Fiorentina;38;21;7;10;70;72;44;1.84;1.64
/c/serie-a/;2012-2013;Udinese;38;18;12;8;66;59;45;1.74;1.31
/c/serie-a/;2012-2013;Roma;38;18;8;12;62;71;56;1.63;1.27
/c/serie-a/;2012-2013;Lazio;38;18;7;13;61;51;42;1.61;1.21
/c/serie-a/;2012-2013;Catania;38;15;11;12;56;50;46;1.47;1.09
/c/serie-a/;2012-2013;Inter Milan;38;16;6;16;54;55;57;1.42;0.96
/c/serie-a/;2012-2013;Parma F.C.;38;13;10;15;49;45;46;1.29;0.98
/c/serie-a/;2012-2013;Cagliari;38;12;11;15;47;43;55;1.24;0.78
/c/serie-a/;2012-2013;Chievo;38;12;9;17;45;37;52;1.18;0.71
/c/serie-a/;2012-2013;Bologna;38;11;11;16;44;46;52;1.16;0.88
/c/serie-a/;2012-2013;Sampdoria;38;11;10;17;42;43;51;1.11;0.84
/c/serie-a/;2012-2013;Atalanta;38;11;9;18;40;39;56;1.05;0.70
/c/serie-a/;2012-2013;Torino FC;38;8;16;14;39;46;55;1.03;0.84
/c/serie-a/;2012-2013;Genoa;38;8;14;16;38;38;52;1.00;0.73
/c/serie-a/;2012-2013;Palermo;38;6;14;18;32;34;54;0.84;0.63
/c/serie-a/;2012-2013;Siena;38;9;9;20;30;36;57;0.79;0.63
/c/serie-a/;2012-2013;Pescara;38;6;4;28;22;27;84;0.58;0.32
/c/serie-a/;2011-2012;Juventus;38;23;15;0;84;68;20;2.21;3.40
/c/serie-a/;2011-2012;AC Milan;38;24;8;6;80;74;33;2.11;2.24
/c/serie-a/;2011-2012;Udinese;38;18;10;10;64;52;35;1.68;1.49
/c/serie-a/;2011-2012;Lazio;38;18;8;12;62;56;47;1.63;1.19
/c/serie-a/;2011-2012;Napoli;38;16;13;9;61;66;46;1.61;1.43
/c/serie-a/;2011-2012;Inter Milan;38;17;7;14;58;58;55;1.53;1.05
/c/serie-a/;2011-2012;Roma;38;16;8;14;56;60;54;1.47;1.11
/c/serie-a/;2011-2012;Parma F.C.;38;15;11;12;56;54;53;1.47;1.02
/c/serie-a/;2011-2012;Bologna;38;13;12;13;51;41;43;1.34;0.95
/c/serie-a/;2011-2012;Chievo;38;12;13;13;49;35;45;1.29;0.78
/c/serie-a/;2011-2012;Catania;38;11;15;12;48;47;52;1.26;0.90
/c/serie-a/;2011-2012;Atalanta;38;13;13;12;46;41;43;1.21;0.95
/c/serie-a/;2011-2012;AFC Fiorentina;38;11;13;14;46;37;43;1.21;0.86
/c/serie-a/;2011-2012;Siena;38;11;11;16;44;45;45;1.16;1.00
/c/serie-a/;2011-2012;Palermo;38;11;10;17;43;52;62;1.13;0.84
/c/serie-a/;2011-2012;Cagliari;38;10;13;15;43;37;46;1.13;0.80
/c/serie-a/;2011-2012;Genoa;38;11;9;18;42;50;69;1.11;0.72
/c/serie-a/;2011-2012;Lecce;38;8;12;18;36;40;56;0.95;0.71
/c/serie-a/;2011-2012;Novara;38;7;11;20;32;35;65;0.84;0.54
/c/serie-a/;2011-2012;Cesena;38;4;10;24;22;24;60;0.58;0.40
/c/serie-a/;2010-2011;AC Milan;38;24;10;4;82;65;24;2.16;2.71
/c/serie-a/;2010-2011;Inter Milan;38;23;7;8;76;69;42;2.00;1.64
/c/serie-a/;2010-2011;Napoli;38;21;7;10;70;59;39;1.84;1.51
/c/serie-a/;2010-2011;Lazio;38;20;6;12;66;55;39;1.74;1.41
/c/serie-a/;2010-2011;Udinese;38;20;6;12;66;65;43;1.74;1.51
/c/serie-a/;2010-2011;Roma;38;18;9;11;63;59;52;1.66;1.13
/c/serie-a/;2010-2011;Juventus;38;15;13;10;58;57;47;1.53;1.21
/c/serie-a/;2010-2011;Palermo;38;17;5;16;56;58;63;1.47;0.92
/c/serie-a/;2010-2011;Genoa;38;14;9;15;51;45;47;1.34;0.96
/c/serie-a/;2010-2011;AFC Fiorentina;38;12;15;11;51;49;44;1.34;1.11
/c/serie-a/;2010-2011;Catania;38;12;10;16;46;40;52;1.21;0.77
/c/serie-a/;2010-2011;Chievo;38;11;13;14;46;38;40;1.21;0.95
/c/serie-a/;2010-2011;Parma F.C.;38;11;13;14;46;39;47;1.21;0.83
/c/serie-a/;2010-2011;Cagliari;38;12;9;17;45;44;51;1.18;0.86
/c/serie-a/;2010-2011;Cesena;38;11;10;17;43;38;50;1.13;0.76
/c/serie-a/;2010-2011;Bologna;38;11;12;15;41;35;52;1.08;0.67
/c/serie-a/;2010-2011;Lecce;38;11;8;19;41;46;66;1.08;0.70
/c/serie-a/;2010-2011;Sampdoria;38;8;12;18;36;33;49;0.95;0.67
/c/serie-a/;2010-2011;Brescia Calcio;38;7;11;20;32;34;52;0.84;0.65
/c/serie-a/;2010-2011;Bari;38;5;9;24;24;27;56;0.63;0.48
/c/serie-a/;2009-2010;Inter Milan;38;24;10;4;82;75;34;2.16;2.21
/c/serie-a/;2009-2010;Roma;38;24;8;6;80;68;41;2.11;1.66
/c/serie-a/;2009-2010;AC Milan;38;20;10;8;70;60;39;1.84;1.54
/c/serie-a/;2009-2010;Sampdoria;38;19;10;9;67;49;41;1.76;1.20
/c/serie-a/;2009-2010;Palermo;38;18;11;9;65;59;47;1.71;1.26
/c/serie-a/;2009-2010;Napoli;38;15;14;9;59;50;43;1.55;1.16
/c/serie-a/;2009-2010;Juventus;38;16;7;15;55;55;56;1.45;0.98
/c/serie-a/;2009-2010;Parma F.C.;38;14;10;14;52;46;51;1.37;0.90
/c/serie-a/;2009-2010;Genoa;38;14;9;15;51;57;61;1.34;0.93
/c/serie-a/;2009-2010;Bari;38;13;11;14;50;49;49;1.32;1.00
/c/serie-a/;2009-2010;AFC Fiorentina;38;13;8;17;47;48;47;1.24;1.02
/c/serie-a/;2009-2010;Lazio;38;11;13;14;46;39;43;1.21;0.91
/c/serie-a/;2009-2010;Catania;38;10;15;13;45;44;45;1.18;0.98
/c/serie-a/;2009-2010;Chievo;38;12;8;18;44;37;42;1.16;0.88
/c/serie-a/;2009-2010;Cagliari;38;11;11;16;44;56;58;1.16;0.97
/c/serie-a/;2009-2010;Udinese;38;11;11;16;44;54;59;1.16;0.92
/c/serie-a/;2009-2010;Bologna;38;10;12;16;42;42;55;1.11;0.76
/c/serie-a/;2009-2010;Atalanta;38;9;8;21;35;37;53;0.92;0.70
/c/serie-a/;2009-2010;Siena;38;7;10;21;31;40;67;0.82;0.60
/c/serie-a/;2009-2010;Livorno;38;7;8;23;29;27;61;0.76;0.44
/c/serie-a/;2008-2009;Inter Milan;38;25;9;4;84;70;32;2.21;2.19
/c/serie-a/;2008-2009;AC Milan;38;22;8;8;74;70;35;1.95;2.00
/c/serie-a/;2008-2009;Juventus;38;21;11;6;74;69;37;1.95;1.86
/c/serie-a/;2008-2009;AFC Fiorentina;38;21;5;12;68;53;38;1.79;1.39
/c/serie-a/;2008-2009;Genoa;38;19;11;8;68;56;39;1.79;1.44
/c/serie-a/;2008-2009;Roma;38;18;9;11;63;64;61;1.66;1.05
/c/serie-a/;2008-2009;Udinese;38;16;10;12;58;61;50;1.53;1.22
/c/serie-a/;2008-2009;Palermo;38;17;6;15;57;57;50;1.50;1.14
/c/serie-a/;2008-2009;Cagliari;38;15;8;15;53;49;50;1.39;0.98
/c/serie-a/;2008-2009;Lazio;38;15;5;18;50;46;55;1.32;0.84
/c/serie-a/;2008-2009;Atalanta;38;13;8;17;47;45;48;1.24;0.94
/c/serie-a/;2008-2009;Napoli;38;12;10;16;46;43;45;1.21;0.96
/c/serie-a/;2008-2009;Sampdoria;38;11;13;14;46;49;52;1.21;0.94
/c/serie-a/;2008-2009;Siena;38;12;8;18;44;33;44;1.16;0.75
/c/serie-a/;2008-2009;Catania;38;12;7;19;43;41;51;1.13;0.80
/c/serie-a/;2008-2009;Chievo;38;8;14;16;38;35;49;1.00;0.71
/c/serie-a/;2008-2009;Bologna;38;9;10;19;37;43;62;0.97;0.69
/c/serie-a/;2008-2009;Torino FC;38;8;10;20;34;37;61;0.89;0.61
/c/serie-a/;2008-2009;Reggina Calcio;38;6;13;19;31;30;62;0.82;0.48
/c/serie-a/;2008-2009;Lecce;38;5;15;18;30;37;67;0.79;0.55
/c/serie-a/;2007-2008;Inter Milan;38;25;10;3;85;69;26;2.24;2.65
/c/serie-a/;2007-2008;Roma;38;24;10;4;82;72;37;2.16;1.95
/c/serie-a/;2007-2008;Juventus;38;20;12;6;72;72;37;1.89;1.95
/c/serie-a/;2007-2008;AFC Fiorentina;38;19;9;10;66;55;39;1.74;1.41
/c/serie-a/;2007-2008;AC Milan;38;18;10;10;64;66;38;1.68;1.74
/c/serie-a/;2007-2008;Sampdoria;38;17;9;12;60;56;46;1.58;1.22
/c/serie-a/;2007-2008;Udinese;38;16;9;13;57;48;53;1.50;0.91
/c/serie-a/;2007-2008;Napoli;38;14;8;16;50;50;53;1.32;0.94
/c/serie-a/;2007-2008;Genoa;38;13;9;16;48;44;52;1.26;0.85
/c/serie-a/;2007-2008;Atalanta;38;12;12;14;48;52;56;1.26;0.93
/c/serie-a/;2007-2008;Palermo;38;12;11;15;47;47;57;1.24;0.82
/c/serie-a/;2007-2008;Lazio;38;11;13;14;46;47;51;1.21;0.92
/c/serie-a/;2007-2008;Siena;38;9;17;12;44;40;45;1.16;0.89
/c/serie-a/;2007-2008;Cagliari;38;11;9;18;42;40;56;1.11;0.71
/c/serie-a/;2007-2008;Reggina Calcio;38;9;13;16;40;37;56;1.05;0.66
/c/serie-a/;2007-2008;Torino FC;38;8;16;14;40;36;49;1.05;0.73
/c/serie-a/;2007-2008;Catania;38;8;13;17;37;33;45;0.97;0.73
/c/serie-a/;2007-2008;Empoli;38;9;9;20;36;29;52;0.95;0.56
/c/serie-a/;2007-2008;Parma F.C.;38;7;13;18;34;42;62;0.89;0.68
/c/serie-a/;2007-2008;Livorno;38;6;12;20;30;35;60;0.79;0.58
/c/serie-a/;2006-2007;Inter Milan;38;30;7;1;97;80;34;2.55;2.35
/c/serie-a/;2006-2007;Roma;38;22;9;7;75;74;34;1.97;2.18
/c/serie-a/;2006-2007;Lazio;38;18;11;9;62;59;33;1.63;1.79
/c/serie-a/;2006-2007;AC Milan;38;19;12;7;61;57;36;1.61;1.58
/c/serie-a/;2006-2007;AFC Fiorentina;38;21;10;7;58;62;31;1.53;2.00
/c/serie-a/;2006-2007;Palermo;38;16;10;12;58;58;51;1.53;1.14
/c/serie-a/;2006-2007;Empoli;38;14;12;12;54;42;43;1.42;0.98
/c/serie-a/;2006-2007;Atalanta;38;12;14;12;50;56;54;1.32;1.04
/c/serie-a/;2006-2007;Sampdoria;38;13;10;15;49;44;48;1.29;0.92
/c/serie-a/;2006-2007;Udinese;38;12;10;16;46;49;55;1.21;0.89
/c/serie-a/;2006-2007;Livorno;38;10;13;15;43;41;54;1.13;0.76
/c/serie-a/;2006-2007;Parma F.C.;38;10;12;16;42;41;56;1.11;0.73
/c/serie-a/;2006-2007;Catania;38;10;11;17;41;46;68;1.08;0.68
/c/serie-a/;2006-2007;Reggina Calcio;38;12;15;11;40;52;50;1.05;1.04
/c/serie-a/;2006-2007;Torino FC;38;10;10;18;40;27;47;1.05;0.57
/c/serie-a/;2006-2007;Cagliari;38;9;13;16;40;35;46;1.05;0.76
/c/serie-a/;2006-2007;Siena;38;9;14;15;40;35;45;1.05;0.78
/c/serie-a/;2006-2007;Chievo;38;9;12;17;39;38;48;1.03;0.79
/c/serie-a/;2006-2007;Ascoli;38;5;12;21;27;36;67;0.71;0.54
/c/serie-a/;2006-2007;Messina;38;5;11;22;26;37;69;0.68;0.54
/c/serie-a/;2005-2006;Juventus;38;27;10;1;91;71;24;2.39;2.96
/c/serie-a/;2005-2006;Inter Milan;38;23;7;8;76;68;30;2.00;2.27
/c/serie-a/;2005-2006;Roma;38;19;12;7;69;70;42;1.82;1.67
/c/serie-a/;2005-2006;AC Milan;38;28;4;6;58;85;31;1.53;2.74
/c/serie-a/;2005-2006;Chievo;38;13;15;10;54;54;49;1.42;1.10
/c/serie-a/;2005-2006;Palermo;38;13;13;12;52;50;52;1.37;0.96
/c/serie-a/;2005-2006;Livorno;38;12;13;13;49;37;44;1.29;0.84
/c/serie-a/;2005-2006;Empoli;38;13;6;19;45;47;61;1.18;0.77
/c/serie-a/;2005-2006;Parma F.C.;38;12;9;17;45;46;60;1.18;0.77
/c/serie-a/;2005-2006;AFC Fiorentina;38;22;8;8;44;66;41;1.16;1.61
/c/serie-a/;2005-2006;Udinese;38;11;10;17;43;40;54;1.13;0.74
/c/serie-a/;2005-2006;Ascoli;38;9;16;13;43;43;53;1.13;0.81
/c/serie-a/;2005-2006;Reggina Calcio;38;11;8;19;41;39;65;1.08;0.60
/c/serie-a/;2005-2006;Sampdoria;38;10;11;17;41;47;51;1.08;0.92
/c/serie-a/;2005-2006;Siena;38;9;12;17;39;42;60;1.03;0.70
/c/serie-a/;2005-2006;Cagliari;38;8;15;15;39;42;55;1.03;0.76
/c/serie-a/;2005-2006;Lazio;38;16;14;8;32;57;47;0.84;1.21
/c/serie-a/;2005-2006;Messina;38;6;13;19;31;33;59;0.82;0.56
/c/serie-a/;2005-2006;Lecce;38;7;8;23;29;30;57;0.76;0.53
/c/serie-a/;2005-2006;Treviso;38;3;12;23;21;24;56;0.55;0.43
/c/serie-a/;2004-2005;Juventus;38;26;8;4;86;67;27;2.26;2.48
/c/serie-a/;2004-2005;AC Milan;38;23;10;5;79;63;28;2.08;2.25
/c/serie-a/;2004-2005;Inter Milan;38;18;18;2;72;65;37;1.89;1.76
/c/serie-a/;2004-2005;Udinese;38;17;11;10;62;56;40;1.63;1.40
/c/serie-a/;2004-2005;Sampdoria;38;17;10;11;61;42;29;1.61;1.45
/c/serie-a/;2004-2005;Palermo;38;12;17;9;53;48;44;1.39;1.09
/c/serie-a/;2004-2005;Messina;38;12;12;14;48;44;52;1.26;0.85
/c/serie-a/;2004-2005;Livorno;38;11;12;15;45;49;60;1.18;0.82
/c/serie-a/;2004-2005;Roma;38;11;12;15;45;55;58;1.18;0.95
/c/serie-a/;2004-2005;Lazio;38;11;11;16;44;48;53;1.16;0.91
/c/serie-a/;2004-2005;Cagliari;38;10;14;14;44;51;60;1.16;0.85
/c/serie-a/;2004-2005;Lecce;38;10;14;14;44;66;73;1.16;0.90
/c/serie-a/;2004-2005;Reggina Calcio;38;10;14;14;44;36;45;1.16;0.80
/c/serie-a/;2004-2005;Chievo;38;11;10;17;43;32;49;1.13;0.65
/c/serie-a/;2004-2005;Siena;38;9;16;13;43;44;55;1.13;0.80
/c/serie-a/;2004-2005;Parma F.C.;38;10;12;16;42;48;65;1.11;0.74
/c/serie-a/;2004-2005;AFC Fiorentina;38;9;15;14;42;42;50;1.11;0.84
/c/serie-a/;2004-2005;Bologna;38;9;15;14;42;33;36;1.11;0.92
/c/serie-a/;2004-2005;Brescia Calcio;38;11;8;19;41;37;54;1.08;0.69
/c/serie-a/;2004-2005;Atalanta;38;8;11;19;35;34;45;0.92;0.76
/c/serie-a/;2003-2004;AC Milan;34;25;7;2;82;65;24;2.41;2.71
/c/serie-a/;2003-2004;Roma;34;21;8;5;71;68;19;2.09;3.58
/c/serie-a/;2003-2004;Juventus;34;21;6;7;69;67;42;2.03;1.60
/c/serie-a/;2003-2004;Inter Milan;34;17;8;9;59;59;37;1.74;1.59
/c/serie-a/;2003-2004;Parma F.C.;34;16;10;8;58;57;46;1.71;1.24
/c/serie-a/;2003-2004;Lazio;34;16;8;10;56;52;38;1.65;1.37
/c/serie-a/;2003-2004;Udinese;34;13;11;10;50;44;40;1.47;1.10
/c/serie-a/;2003-2004;Sampdoria;34;11;13;10;46;40;42;1.35;0.95
/c/serie-a/;2003-2004;Chievo;34;11;11;12;44;36;37;1.29;0.97
/c/serie-a/;2003-2004;Lecce;34;11;8;15;41;43;56;1.21;0.77
/c/serie-a/;2003-2004;Brescia Calcio;34;9;13;12;40;52;57;1.18;0.91
/c/serie-a/;2003-2004;Bologna;34;10;9;15;39;45;53;1.15;0.85
/c/serie-a/;2003-2004;Siena;34;8;10;16;34;41;54;1.00;0.76
/c/serie-a/;2003-2004;Reggina Calcio;34;6;16;12;34;29;45;1.00;0.64
/c/serie-a/;2003-2004;Perugia;34;6;14;14;32;44;56;0.94;0.79
/c/serie-a/;2003-2004;Empoli;34;7;9;18;30;26;54;0.88;0.48
/c/serie-a/;2003-2004;Modena F.C.;34;6;12;16;30;27;46;0.88;0.59
/c/serie-a/;2003-2004;Ancona;34;2;7;25;13;21;70;0.38;0.30
/c/serie-a/;2002-2003;Juventus;34;21;9;4;72;64;29;2.12;2.21
/c/serie-a/;2002-2003;Inter Milan;34;19;8;7;65;64;38;1.91;1.68
/c/serie-a/;2002-2003;AC Milan;34;18;7;9;61;55;30;1.79;1.83
/c/serie-a/;2002-2003;Lazio;34;15;15;4;60;57;32;1.76;1.78
/c/serie-a/;2002-2003;Udinese;34;16;8;10;56;38;35;1.65;1.09
/c/serie-a/;2002-2003;Parma F.C.;34;15;11;8;56;55;36;1.65;1.53
/c/serie-a/;2002-2003;Chievo;34;16;7;11;55;51;39;1.62;1.31
/c/serie-a/;2002-2003;Roma;34;13;10;11;49;55;46;1.44;1.20
/c/serie-a/;2002-2003;Perugia;34;10;12;12;42;40;48;1.24;0.83
/c/serie-a/;2002-2003;Brescia Calcio;34;9;15;10;42;36;38;1.24;0.95
/c/serie-a/;2002-2003;Bologna;34;10;11;13;41;39;47;1.21;0.83
/c/serie-a/;2002-2003;Reggina Calcio;34;10;8;16;38;38;53;1.12;0.72
/c/serie-a/;2002-2003;Empoli;34;9;11;14;38;36;46;1.12;0.78
/c/serie-a/;2002-2003;Modena F.C.;34;9;11;14;38;30;48;1.12;0.63
/c/serie-a/;2002-2003;Atalanta;34;8;14;12;38;35;47;1.12;0.74
/c/serie-a/;2002-2003;Piacenza;34;8;6;20;30;44;62;0.88;0.71
/c/serie-a/;2002-2003;Como;34;4;12;18;24;29;57;0.71;0.51
/c/serie-a/;2002-2003;Torino FC;34;4;9;21;21;23;58;0.62;0.40
/c/serie-a/;2001-2002;Juventus;34;20;11;3;71;64;23;2.09;2.78
/c/serie-a/;2001-2002;Roma;34;19;13;2;70;58;24;2.06;2.42
/c/serie-a/;2001-2002;Inter Milan;34;20;9;5;69;62;35;2.03;1.77
/c/serie-a/;2001-2002;AC Milan;34;14;13;7;55;47;33;1.62;1.42
/c/serie-a/;2001-2002;Chievo;34;14;12;8;54;57;52;1.59;1.10
/c/serie-a/;2001-2002;Lazio;34;14;11;9;53;50;37;1.56;1.35
/c/serie-a/;2001-2002;Bologna;34;15;7;12;52;40;40;1.53;1.00
/c/serie-a/;2001-2002;Perugia;34;13;7;14;46;38;46;1.35;0.83
/c/serie-a/;2001-2002;Atalanta;34;12;9;13;45;41;50;1.32;0.82
/c/serie-a/;2001-2002;Parma F.C.;34;12;8;14;44;43;47;1.29;0.91
/c/serie-a/;2001-2002;Torino FC;34;10;13;11;43;37;39;1.26;0.95
/c/serie-a/;2001-2002;Piacenza;34;11;9;14;42;49;43;1.24;1.14
/c/serie-a/;2001-2002;Udinese;34;11;7;16;40;41;52;1.18;0.79
/c/serie-a/;2001-2002;Brescia Calcio;34;9;13;12;40;43;52;1.18;0.83
/c/serie-a/;2001-2002;Verona;34;11;6;17;39;41;53;1.15;0.77
/c/serie-a/;2001-2002;Lecce;34;6;10;18;28;36;56;0.82;0.64
/c/serie-a/;2001-2002;AFC Fiorentina;34;5;7;22;22;29;63;0.65;0.46
/c/serie-a/;2001-2002;Venezia;34;3;9;22;18;30;61;0.53;0.49
/c/serie-a/;2000-2001;Roma;34;22;9;3;75;68;33;2.21;2.06
/c/serie-a/;2000-2001;Juventus;34;21;10;3;73;61;27;2.15;2.26
/c/serie-a/;2000-2001;Lazio;34;21;6;7;69;65;36;2.03;1.81
/c/serie-a/;2000-2001;Parma F.C.;34;16;8;10;56;51;31;1.65;1.65
/c/serie-a/;2000-2001;Inter Milan;34;14;9;11;51;47;47;1.50;1.00
/c/serie-a/;2000-2001;AC Milan;34;12;13;9;49;56;46;1.44;1.22
/c/serie-a/;2000-2001;Atalanta;34;10;14;10;44;38;34;1.29;1.12
/c/serie-a/;2000-2001;Brescia Calcio;34;10;14;10;44;44;42;1.29;1.05
/c/serie-a/;2000-2001;Bologna;34;11;10;13;43;49;53;1.26;0.92
/c/serie-a/;2000-2001;AFC Fiorentina;34;10;13;11;43;53;52;1.26;1.02
/c/serie-a/;2000-2001;Perugia;34;10;12;12;42;49;53;1.24;0.92
/c/serie-a/;2000-2001;Udinese;34;11;5;18;38;49;59;1.12;0.83
/c/serie-a/;2000-2001;Reggina Calcio;34;10;7;17;37;32;49;1.09;0.65
/c/serie-a/;2000-2001;Verona;34;10;7;17;37;40;59;1.09;0.68
/c/serie-a/;2000-2001;Lecce;34;8;13;13;37;40;54;1.09;0.74
/c/serie-a/;2000-2001;Vicenza Calcio;34;9;9;16;36;37;51;1.06;0.73
/c/serie-a/;2000-2001;Napoli;34;8;12;14;36;35;51;1.06;0.69
/c/serie-a/;2000-2001;Bari;34;5;5;24;20;31;68;0.59;0.46
/c/serie-a/;1999-2000;Lazio;34;21;9;4;72;64;33;2.12;1.94
/c/serie-a/;1999-2000;Juventus;34;21;8;5;71;46;20;2.09;2.30
/c/serie-a/;1999-2000;AC Milan;34;16;13;5;60;65;40;1.76;1.63
/c/serie-a/;1999-2000;Inter Milan;34;17;7;10;58;58;36;1.71;1.61
/c/serie-a/;1999-2000;Parma F.C.;34;16;10;8;58;52;37;1.71;1.41
/c/serie-a/;1999-2000;Roma;34;14;10;8;54;57;34;1.59;1.68
/c/serie-a/;1999-2000;AFC Fiorentina;34;13;12;9;51;48;38;1.50;1.26
/c/serie-a/;1999-2000;Udinese;34;13;11;10;50;55;45;1.47;1.22
/c/serie-a/;1999-2000;Verona;34;10;13;11;43;40;45;1.26;0.89
/c/serie-a/;1999-2000;Perugia;34;12;6;16;42;36;52;1.24;0.69
/c/serie-a/;1999-2000;Lecce;34;10;10;14;40;33;49;1.18;0.67
/c/serie-a/;1999-2000;Bologna;34;9;13;12;40;32;39;1.18;0.82
/c/serie-a/;1999-2000;Reggina Calcio;34;9;13;12;40;31;42;1.18;0.74
/c/serie-a/;1999-2000;Bari;34;10;9;15;39;34;48;1.15;0.71
/c/serie-a/;1999-2000;Torino FC;34;8;12;14;36;35;47;1.06;0.74
/c/serie-a/;1999-2000;Venezia;34;6;8;20;26;30;60;0.76;0.50
/c/serie-a/;1999-2000;Cagliari;34;3;13;18;22;29;54;0.65;0.54
/c/serie-a/;1999-2000;Piacenza;34;4;9;21;21;19;45;0.62;0.42
/c/serie-a/;1998-1999;AC Milan;34;20;10;4;70;59;34;2.06;1.74
/c/serie-a/;1998-1999;Lazio;34;20;9;5;69;65;31;2.03;2.10
/c/serie-a/;1998-1999;AFC Fiorentina;34;16;8;10;56;55;41;1.65;1.34
/c/serie-a/;1998-1999;Parma F.C.;34;15;10;9;55;55;36;1.62;1.53
/c/serie-a/;1998-1999;Udinese;34;16;6;12;54;52;52;1.59;1.00
/c/serie-a/;1998-1999;Juventus;34;15;9;10;54;42;36;1.59;1.17
/c/serie-a/;1998-1999;Roma;34;15;9;10;54;69;49;1.59;1.41
/c/serie-a/;1998-1999;Inter Milan;34;13;7;14;46;59;54;1.35;1.09
/c/serie-a/;1998-1999;Bologna;34;11;11;12;44;44;47;1.29;0.94
/c/serie-a/;1998-1999;Venezia;34;11;9;14;42;38;45;1.24;0.84
/c/serie-a/;1998-1999;Bari;34;9;15;10;42;39;44;1.24;0.89
/c/serie-a/;1998-1999;Cagliari;34;11;8;15;41;49;50;1.21;0.98
/c/serie-a/;1998-1999;Piacenza;34;11;8;15;41;48;49;1.21;0.98
/c/serie-a/;1998-1999;Perugia;34;11;6;17;39;43;61;1.15;0.70
/c/serie-a/;1998-1999;Salernitana;34;10;8;16;38;37;51;1.12;0.73
/c/serie-a/;1998-1999;Sampdoria;34;9;10;15;37;38;55;1.09;0.69
/c/serie-a/;1998-1999;Vicenza Calcio;34;8;9;17;33;27;47;0.97;0.57
/c/serie-a/;1998-1999;Empoli;34;4;10;20;20;26;63;0.59;0.41
/c/serie-a/;1997-1998;Juventus;34;21;11;2;74;67;28;2.18;2.39
/c/serie-a/;1997-1998;Inter Milan;34;21;6;7;69;62;27;2.03;2.30
/c/serie-a/;1997-1998;Udinese;34;19;7;8;64;62;40;1.88;1.55
/c/serie-a/;1997-1998;Roma;34;16;11;7;59;67;42;1.74;1.60
/c/serie-a/;1997-1998;AFC Fiorentina;34;15;12;7;57;65;36;1.68;1.81
/c/serie-a/;1997-1998;Parma F.C.;34;15;12;7;57;55;39;1.68;1.41
/c/serie-a/;1997-1998;Lazio;34;16;8;10;56;53;30;1.65;1.77
/c/serie-a/;1997-1998;Sampdoria;34;13;9;12;48;52;55;1.41;0.95
/c/serie-a/;1997-1998;Bologna;34;12;12;10;48;55;46;1.41;1.20
/c/serie-a/;1997-1998;AC Milan;34;11;11;12;44;37;43;1.29;0.86
/c/serie-a/;1997-1998;Bari;34;10;8;16;38;30;45;1.12;0.67
/c/serie-a/;1997-1998;Empoli;34;10;7;17;37;50;58;1.09;0.86
/c/serie-a/;1997-1998;Piacenza;34;7;16;11;37;29;38;1.09;0.76
/c/serie-a/;1997-1998;Vicenza Calcio;34;9;9;16;36;36;61;1.06;0.59
/c/serie-a/;1997-1998;Brescia Calcio;34;9;8;17;35;45;63;1.03;0.71
/c/serie-a/;1997-1998;Atalanta;34;7;11;16;32;25;48;0.94;0.52
/c/serie-a/;1997-1998;Lecce;34;6;8;20;26;32;72;0.76;0.44
/c/serie-a/;1997-1998;Napoli;34;2;8;24;14;25;76;0.41;0.33
/c/serie-a/;1996-1997;Juventus;34;17;14;3;65;51;24;1.91;2.13
/c/serie-a/;1996-1997;Parma F.C.;34;18;9;7;63;41;26;1.85;1.58
/c/serie-a/;1996-1997;Inter Milan;34;15;14;5;59;51;35;1.74;1.46
/c/serie-a/;1996-1997;Lazio;34;15;10;9;55;54;37;1.62;1.46
/c/serie-a/;1996-1997;Udinese;34;15;9;10;54;53;41;1.59;1.29
/c/serie-a/;1996-1997;Sampdoria;34;14;11;9;53;60;46;1.56;1.30
/c/serie-a/;1996-1997;Bologna;34;13;10;11;49;50;44;1.44;1.14
/c/serie-a/;1996-1997;Vicenza Calcio;34;12;11;11;47;43;38;1.38;1.13
/c/serie-a/;1996-1997;AFC Fiorentina;34;10;15;9;45;46;41;1.32;1.12
/c/serie-a/;1996-1997;Atalanta;34;11;11;12;44;44;46;1.29;0.96
/c/serie-a/;1996-1997;AC Milan;34;11;10;13;43;43;45;1.26;0.96
/c/serie-a/;1996-1997;Roma;34;10;11;13;41;46;47;1.21;0.98
/c/serie-a/;1996-1997;Napoli;34;9;14;11;41;38;45;1.21;0.84
/c/serie-a/;1996-1997;Perugia;34;10;7;17;37;48;62;1.09;0.77
/c/serie-a/;1996-1997;Cagliari;34;9;10;15;37;45;55;1.09;0.82
/c/serie-a/;1996-1997;Piacenza;34;7;16;11;37;29;45;1.09;0.64
/c/serie-a/;1996-1997;Verona;34;6;9;19;27;38;64;0.79;0.59
/c/serie-a/;1996-1997;AC Reggiana 1919;34;2;13;19;19;28;67;0.56;0.42
/c/ligue-1/;2013-2014;Paris Saint-Germain;38;27;8;3;89;84;23;2.34;3.65
/c/ligue-1/;2013-2014;Monaco;38;23;11;4;80;64;31;2.11;2.06
/c/ligue-1/;2013-2014;Lille OSC;38;20;11;7;71;46;26;1.87;1.77
/c/ligue-1/;2013-2014;Saint-Étienne;38;20;9;9;69;56;34;1.82;1.65
/c/ligue-1/;2013-2014;Lyon;38;17;10;11;61;56;44;1.61;1.27
/c/ligue-1/;2013-2014;Marseille;38;16;12;10;60;53;40;1.58;1.33
/c/ligue-1/;2013-2014;Bordeaux;38;13;14;11;53;49;43;1.39;1.14
/c/ligue-1/;2013-2014;Bastia;38;13;10;15;49;42;56;1.29;0.75
/c/ligue-1/;2013-2014;FC Lorient;38;13;10;15;49;48;53;1.29;0.91
/c/ligue-1/;2013-2014;Toulouse;38;12;13;13;49;46;53;1.29;0.87
/c/ligue-1/;2013-2014;Reims;38;12;12;14;48;44;52;1.26;0.85
/c/ligue-1/;2013-2014;Nantes;38;12;10;16;46;38;43;1.21;0.88
/c/ligue-1/;2013-2014;Rennes;38;11;13;14;46;47;45;1.21;1.04
/c/ligue-1/;2013-2014;Evian TG;38;11;11;16;44;39;51;1.16;0.76
/c/ligue-1/;2013-2014;OGC Nice;38;12;6;20;42;30;44;1.11;0.68
/c/ligue-1/;2013-2014;Guingamp;38;11;9;18;42;34;42;1.11;0.81
/c/ligue-1/;2013-2014;Montpellier Herault SC;38;8;18;12;42;45;53;1.11;0.85
/c/ligue-1/;2013-2014;FC Sochaux;38;10;10;18;40;37;61;1.05;0.61
/c/ligue-1/;2013-2014;Valenciennes FC;38;7;8;23;29;37;65;0.76;0.57
/c/ligue-1/;2013-2014;Ajaccio;38;4;11;23;23;37;72;0.61;0.51
/c/ligue-1/;2012-2013;Paris Saint-Germain;38;25;8;5;83;69;23;2.18;3.00
/c/ligue-1/;2012-2013;Marseille;38;21;8;9;71;42;36;1.87;1.17
/c/ligue-1/;2012-2013;Lyon;38;19;10;9;67;61;38;1.76;1.61
/c/ligue-1/;2012-2013;OGC Nice;38;18;10;10;64;57;46;1.68;1.24
/c/ligue-1/;2012-2013;Saint-Étienne;38;16;15;7;63;60;32;1.66;1.88
/c/ligue-1/;2012-2013;Lille OSC;38;16;14;8;62;59;40;1.63;1.48
/c/ligue-1/;2012-2013;Bordeaux;38;13;16;9;55;40;34;1.45;1.18
/c/ligue-1/;2012-2013;FC Lorient;38;14;11;13;53;57;58;1.39;0.98
/c/ligue-1/;2012-2013;Montpellier Herault SC;38;15;7;16;52;54;51;1.37;1.06
/c/ligue-1/;2012-2013;Toulouse;38;13;12;13;51;49;47;1.34;1.04
/c/ligue-1/;2012-2013;Valenciennes FC;38;12;12;14;48;49;53;1.26;0.92
/c/ligue-1/;2012-2013;Bastia;38;13;8;17;47;50;66;1.24;0.76
/c/ligue-1/;2012-2013;Rennes;38;13;7;18;46;48;59;1.21;0.81
/c/ligue-1/;2012-2013;Reims;38;10;13;15;43;33;42;1.13;0.79
/c/ligue-1/;2012-2013;FC Sochaux;38;10;11;17;41;41;57;1.08;0.72
/c/ligue-1/;2012-2013;Evian TG;38;10;10;18;40;46;53;1.05;0.87
/c/ligue-1/;2012-2013;Ajaccio;38;9;15;14;40;39;51;1.05;0.76
/c/ligue-1/;2012-2013;AS Nancy;38;9;11;18;38;38;58;1.00;0.66
/c/ligue-1/;2012-2013;Troyes;38;8;13;17;37;43;61;0.97;0.70
/c/ligue-1/;2012-2013;Brest;38;8;5;25;29;32;62;0.76;0.52
/c/ligue-1/;2011-2012;Montpellier Herault SC;38;25;7;6;82;68;34;2.16;2.00
/c/ligue-1/;2011-2012;Paris Saint-Germain;38;23;10;5;79;75;41;2.08;1.83
/c/ligue-1/;2011-2012;Lille OSC;38;21;11;6;74;72;39;1.95;1.85
/c/ligue-1/;2011-2012;Lyon;38;19;7;12;64;64;51;1.68;1.25
/c/ligue-1/;2011-2012;Bordeaux;38;16;13;9;61;53;41;1.61;1.29
/c/ligue-1/;2011-2012;Rennes;38;17;9;12;60;53;44;1.58;1.20
/c/ligue-1/;2011-2012;Saint-Étienne;38;16;9;13;57;49;45;1.50;1.09
/c/ligue-1/;2011-2012;Toulouse;38;15;11;12;56;37;34;1.47;1.09
/c/ligue-1/;2011-2012;Evian TG;38;13;11;14;50;54;55;1.32;0.98
/c/ligue-1/;2011-2012;Marseille;38;12;12;14;48;45;41;1.26;1.10
/c/ligue-1/;2011-2012;AS Nancy;38;11;12;15;45;38;48;1.18;0.79
/c/ligue-1/;2011-2012;Valenciennes FC;38;12;7;19;43;40;50;1.13;0.80
/c/ligue-1/;2011-2012;FC Sochaux;38;11;9;18;42;40;60;1.11;0.67
/c/ligue-1/;2011-2012;OGC Nice;38;10;12;16;42;39;46;1.11;0.85
/c/ligue-1/;2011-2012;Ajaccio;38;9;14;15;41;40;61;1.08;0.66
/c/ligue-1/;2011-2012;Brest;38;8;17;13;41;31;38;1.08;0.82
/c/ligue-1/;2011-2012;FC Lorient;38;9;12;17;39;35;49;1.03;0.71
/c/ligue-1/;2011-2012;Caen;38;9;11;18;38;39;59;1.00;0.66
/c/ligue-1/;2011-2012;Dijon FCO;38;9;9;20;36;38;63;0.95;0.60
/c/ligue-1/;2011-2012;Auxerre;38;7;13;18;34;46;57;0.89;0.81
/c/ligue-1/;2010-2011;Lille OSC;38;21;13;4;76;68;36;2.00;1.89
/c/ligue-1/;2010-2011;Marseille;38;18;14;6;68;62;39;1.79;1.59
/c/ligue-1/;2010-2011;Lyon;38;17;13;8;64;61;40;1.68;1.53
/c/ligue-1/;2010-2011;Paris Saint-Germain;38;15;15;8;60;56;41;1.58;1.37
/c/ligue-1/;2010-2011;FC Sochaux;38;17;7;14;58;60;43;1.53;1.40
/c/ligue-1/;2010-2011;Rennes;38;15;11;12;56;38;35;1.47;1.09
/c/ligue-1/;2010-2011;Bordeaux;38;12;15;11;51;43;42;1.34;1.02
/c/ligue-1/;2010-2011;Toulouse;38;14;8;16;50;38;36;1.32;1.06
/c/ligue-1/;2010-2011;FC Lorient;38;12;13;13;49;46;48;1.29;0.96
/c/ligue-1/;2010-2011;Saint-Étienne;38;12;13;13;49;46;47;1.29;0.98
/c/ligue-1/;2010-2011;Auxerre;38;10;19;9;49;45;41;1.29;1.10
/c/ligue-1/;2010-2011;AS Nancy;38;13;9;16;48;43;48;1.26;0.90
/c/ligue-1/;2010-2011;Valenciennes FC;38;10;18;10;48;45;41;1.26;1.10
/c/ligue-1/;2010-2011;Montpellier Herault SC;38;12;11;15;47;32;43;1.24;0.74
/c/ligue-1/;2010-2011;Brest;38;11;13;14;46;36;43;1.21;0.84
/c/ligue-1/;2010-2011;Caen;38;11;13;14;46;46;51;1.21;0.90
/c/ligue-1/;2010-2011;OGC Nice;38;11;13;14;46;33;48;1.21;0.69
/c/ligue-1/;2010-2011;Monaco;38;9;17;12;44;36;40;1.16;0.90
/c/ligue-1/;2010-2011;Lens;38;7;14;17;35;35;58;0.92;0.60
/c/ligue-1/;2010-2011;Arles-Avignon;38;3;11;24;20;21;70;0.53;0.30
/c/ligue-1/;2009-2010;Marseille;38;23;9;6;78;69;36;2.05;1.92
/c/ligue-1/;2009-2010;Lyon;38;20;12;6;72;64;38;1.89;1.68
/c/ligue-1/;2009-2010;Auxerre;38;20;11;7;71;42;29;1.87;1.45
/c/ligue-1/;2009-2010;Lille OSC;38;21;7;10;70;72;40;1.84;1.80
/c/ligue-1/;2009-2010;Montpellier Herault SC;38;20;9;9;69;50;40;1.82;1.25
/c/ligue-1/;2009-2010;Bordeaux;38;19;7;12;64;58;40;1.68;1.45
/c/ligue-1/;2009-2010;FC Lorient;38;16;10;12;58;54;42;1.53;1.29
/c/ligue-1/;2009-2010;Monaco;38;15;10;13;55;39;45;1.45;0.87
/c/ligue-1/;2009-2010;Rennes;38;14;11;13;53;52;41;1.39;1.27
/c/ligue-1/;2009-2010;Valenciennes FC;38;14;10;14;52;50;50;1.37;1.00
/c/ligue-1/;2009-2010;AS Nancy;38;13;9;16;48;46;53;1.26;0.87
/c/ligue-1/;2009-2010;Lens;38;12;12;14;48;40;44;1.26;0.91
/c/ligue-1/;2009-2010;Paris Saint-Germain;38;12;11;15;47;50;46;1.24;1.09
/c/ligue-1/;2009-2010;Toulouse;38;12;11;15;47;36;36;1.24;1.00
/c/ligue-1/;2009-2010;OGC Nice;38;11;11;16;44;41;57;1.16;0.72
/c/ligue-1/;2009-2010;FC Sochaux;38;11;8;19;41;28;52;1.08;0.54
/c/ligue-1/;2009-2010;Saint-Étienne;38;10;10;18;40;27;45;1.05;0.60
/c/ligue-1/;2009-2010;Le Mans;38;8;8;22;32;36;59;0.84;0.61
/c/ligue-1/;2009-2010;Boulogne;38;7;10;21;31;31;62;0.82;0.50
/c/ligue-1/;2009-2010;Grenoble;38;5;8;25;23;31;61;0.61;0.51
/c/ligue-1/;2008-2009;Bordeaux;38;24;8;6;80;64;34;2.11;1.88
/c/ligue-1/;2008-2009;Marseille;38;22;11;5;77;67;35;2.03;1.91
/c/ligue-1/;2008-2009;Lyon;38;20;11;7;71;52;29;1.87;1.79
/c/ligue-1/;2008-2009;Paris Saint-Germain;38;19;7;12;64;49;38;1.68;1.29
/c/ligue-1/;2008-2009;Lille OSC;38;17;13;8;64;51;39;1.68;1.31
/c/ligue-1/;2008-2009;Toulouse;38;16;16;6;64;45;27;1.68;1.67
/c/ligue-1/;2008-2009;Rennes;38;15;16;7;61;42;34;1.61;1.24
/c/ligue-1/;2008-2009;Auxerre;38;16;7;15;55;35;35;1.45;1.00
/c/ligue-1/;2008-2009;OGC Nice;38;13;11;14;50;40;41;1.32;0.98
/c/ligue-1/;2008-2009;Monaco;38;11;12;15;45;41;45;1.18;0.91
/c/ligue-1/;2008-2009;FC Lorient;38;10;15;13;45;47;47;1.18;1.00
/c/ligue-1/;2008-2009;Grenoble;38;10;14;14;44;24;37;1.16;0.65
/c/ligue-1/;2008-2009;Valenciennes FC;38;10;14;14;44;35;42;1.16;0.83
/c/ligue-1/;2008-2009;AS Nancy;38;10;12;16;42;38;47;1.11;0.81
/c/ligue-1/;2008-2009;FC Sochaux;38;10;12;16;42;40;48;1.11;0.83
/c/ligue-1/;2008-2009;Saint-Étienne;38;11;7;20;40;40;56;1.05;0.71
/c/ligue-1/;2008-2009;Le Mans;38;10;10;18;40;43;54;1.05;0.80
/c/ligue-1/;2008-2009;Nantes;38;9;10;19;37;33;54;0.97;0.61
/c/ligue-1/;2008-2009;Caen;38;8;13;17;37;42;49;0.97;0.86
/c/ligue-1/;2008-2009;Le Havre;38;7;5;26;25;30;67;0.66;0.45
/c/ligue-1/;2007-2008;Lyon;38;24;7;7;79;74;37;2.08;2.00
/c/ligue-1/;2007-2008;Bordeaux;38;22;9;7;75;65;38;1.97;1.71
/c/ligue-1/;2007-2008;Marseille;38;17;11;10;62;58;45;1.63;1.29
/c/ligue-1/;2007-2008;AS Nancy;38;15;15;8;60;44;30;1.58;1.47
/c/ligue-1/;2007-2008;Rennes;38;16;10;12;58;47;44;1.53;1.07
/c/ligue-1/;2007-2008;Saint-Étienne;38;16;10;12;58;47;34;1.53;1.38
/c/ligue-1/;2007-2008;Lille OSC;38;13;18;7;57;45;32;1.50;1.41
/c/ligue-1/;2007-2008;OGC Nice;38;13;16;9;55;35;30;1.45;1.17
/c/ligue-1/;2007-2008;Le Mans;38;14;11;13;53;46;49;1.39;0.94
/c/ligue-1/;2007-2008;FC Lorient;38;12;16;10;52;32;35;1.37;0.91
/c/ligue-1/;2007-2008;Caen;38;13;12;13;51;48;53;1.34;0.91
/c/ligue-1/;2007-2008;Monaco;38;13;8;17;47;40;48;1.24;0.83
/c/ligue-1/;2007-2008;Valenciennes FC;38;12;9;17;45;42;40;1.18;1.05
/c/ligue-1/;2007-2008;Auxerre;38;12;8;18;44;33;52;1.16;0.63
/c/ligue-1/;2007-2008;FC Sochaux;38;10;14;14;44;34;43;1.16;0.79
/c/ligue-1/;2007-2008;Paris Saint-Germain;38;10;13;15;43;37;45;1.13;0.82
/c/ligue-1/;2007-2008;Toulouse;38;9;15;14;42;36;42;1.11;0.86
/c/ligue-1/;2007-2008;Lens;38;9;13;16;40;43;52;1.05;0.83
/c/ligue-1/;2007-2008;RC Strasbourg;38;9;8;21;35;34;55;0.92;0.62
/c/ligue-1/;2007-2008;Metz;38;5;9;24;24;28;64;0.63;0.44
/c/ligue-1/;2006-2007;Lyon;38;24;9;5;81;64;27;2.13;2.37
/c/ligue-1/;2006-2007;Marseille;38;19;7;12;64;53;38;1.68;1.39
/c/ligue-1/;2006-2007;Toulouse;38;17;7;14;58;44;43;1.53;1.02
/c/ligue-1/;2006-2007;Bordeaux;38;16;9;13;57;39;35;1.50;1.11
/c/ligue-1/;2006-2007;FC Sochaux;38;15;12;11;57;46;48;1.50;0.96
/c/ligue-1/;2006-2007;Lens;38;15;12;11;57;47;41;1.50;1.15
/c/ligue-1/;2006-2007;Rennes;38;14;15;9;57;38;30;1.50;1.27
/c/ligue-1/;2006-2007;Auxerre;38;13;15;10;54;41;41;1.42;1.00
/c/ligue-1/;2006-2007;Monaco;38;13;12;13;51;45;38;1.34;1.18
/c/ligue-1/;2006-2007;Lille OSC;38;13;11;14;50;45;43;1.32;1.05
/c/ligue-1/;2006-2007;Saint-Étienne;38;14;7;17;49;52;50;1.29;1.04
/c/ligue-1/;2006-2007;AS Nancy;38;13;10;15;49;37;44;1.29;0.84
/c/ligue-1/;2006-2007;FC Lorient;38;12;13;13;49;33;40;1.29;0.83
/c/ligue-1/;2006-2007;Le Mans;38;11;16;11;49;45;46;1.29;0.98
/c/ligue-1/;2006-2007;Paris Saint-Germain;38;12;12;14;48;42;42;1.26;1.00
/c/ligue-1/;2006-2007;Valenciennes FC;38;11;10;17;43;36;48;1.13;0.75
/c/ligue-1/;2006-2007;OGC Nice;38;9;16;13;43;34;40;1.13;0.85
/c/ligue-1/;2006-2007;Troyes;38;9;12;17;39;39;54;1.03;0.72
/c/ligue-1/;2006-2007;Sedan;38;7;14;17;35;46;58;0.92;0.79
/c/ligue-1/;2006-2007;Nantes;38;7;13;18;34;29;49;0.89;0.59
/c/ligue-1/;2005-2006;Lyon;38;25;9;4;84;73;31;2.21;2.35
/c/ligue-1/;2005-2006;Bordeaux;38;18;15;5;69;43;25;1.82;1.72
/c/ligue-1/;2005-2006;Lille OSC;38;16;14;8;62;56;31;1.63;1.81
/c/ligue-1/;2005-2006;Marseille;38;16;12;10;60;44;35;1.58;1.26
/c/ligue-1/;2005-2006;Lens;38;14;18;6;60;48;34;1.58;1.41
/c/ligue-1/;2005-2006;Rennes;38;18;5;15;59;48;49;1.55;0.98
/c/ligue-1/;2005-2006;Auxerre;38;17;8;13;59;50;39;1.55;1.28
/c/ligue-1/;2005-2006;OGC Nice;38;16;10;12;58;36;31;1.53;1.16
/c/ligue-1/;2005-2006;Le Mans;38;13;13;12;52;33;36;1.37;0.92
/c/ligue-1/;2005-2006;Monaco;38;13;13;12;52;42;36;1.37;1.17
/c/ligue-1/;2005-2006;Paris Saint-Germain;38;13;13;12;52;44;38;1.37;1.16
/c/ligue-1/;2005-2006;AS Nancy;38;12;12;14;48;35;37;1.26;0.95
/c/ligue-1/;2005-2006;Saint-Étienne;38;11;14;13;47;29;39;1.24;0.74
/c/ligue-1/;2005-2006;Nantes;38;11;12;15;45;37;41;1.18;0.90
/c/ligue-1/;2005-2006;FC Sochaux;38;11;11;16;44;34;47;1.16;0.72
/c/ligue-1/;2005-2006;Toulouse;38;10;11;17;41;36;47;1.08;0.77
/c/ligue-1/;2005-2006;Troyes;38;9;12;17;39;37;47;1.03;0.79
/c/ligue-1/;2005-2006;Ajaccio;38;8;9;21;33;27;53;0.87;0.51
/c/ligue-1/;2005-2006;Metz;38;6;11;21;29;26;59;0.76;0.44
/c/ligue-1/;2005-2006;RC Strasbourg;38;5;14;19;29;33;56;0.76;0.59
/c/ligue-1/;2004-2005;Lyon;38;22;13;3;79;56;22;2.08;2.55
/c/ligue-1/;2004-2005;Lille OSC;38;18;13;7;67;52;29;1.76;1.79
/c/ligue-1/;2004-2005;Monaco;38;15;18;5;63;52;35;1.66;1.49
/c/ligue-1/;2004-2005;Marseille;38;15;10;13;55;47;42;1.45;1.12
/c/ligue-1/;2004-2005;Rennes;38;15;10;13;55;49;42;1.45;1.17
/c/ligue-1/;2004-2005;Saint-Étienne;38;12;17;9;53;47;34;1.39;1.38
/c/ligue-1/;2004-2005;Auxerre;38;14;10;14;52;48;47;1.37;1.02
/c/ligue-1/;2004-2005;Lens;38;13;13;12;52;45;39;1.37;1.15
/c/ligue-1/;2004-2005;Paris Saint-Germain;38;12;15;11;51;40;41;1.34;0.98
/c/ligue-1/;2004-2005;FC Sochaux;38;13;11;14;50;42;41;1.32;1.02
/c/ligue-1/;2004-2005;RC Strasbourg;38;12;12;14;48;42;43;1.26;0.98
/c/ligue-1/;2004-2005;Toulouse;38;12;10;16;46;36;43;1.21;0.84
/c/ligue-1/;2004-2005;OGC Nice;38;10;16;12;46;38;45;1.21;0.84
/c/ligue-1/;2004-2005;Ajaccio;38;10;15;13;45;36;40;1.18;0.90
/c/ligue-1/;2004-2005;Metz;38;10;14;14;44;33;45;1.16;0.73
/c/ligue-1/;2004-2005;Bordeaux;38;8;20;10;44;37;41;1.16;0.90
/c/ligue-1/;2004-2005;Nantes;38;10;13;15;43;33;38;1.13;0.87
/c/ligue-1/;2004-2005;Caen;38;10;12;16;42;36;60;1.11;0.60
/c/ligue-1/;2004-2005;Bastia;38;11;8;19;41;32;48;1.08;0.67
/c/ligue-1/;2004-2005;FC Istres;38;6;14;18;32;25;51;0.84;0.49
/c/ligue-1/;2003-2004;Lyon;38;24;7;7;79;64;26;2.08;2.46
/c/ligue-1/;2003-2004;Paris Saint-Germain;38;22;10;6;76;50;28;2.00;1.79
/c/ligue-1/;2003-2004;Monaco;38;21;12;5;75;59;30;1.97;1.97
/c/ligue-1/;2003-2004;Auxerre;38;19;8;11;65;60;34;1.71;1.76
/c/ligue-1/;2003-2004;FC Sochaux;38;18;9;11;63;54;42;1.66;1.29
/c/ligue-1/;2003-2004;Nantes;38;17;9;12;60;47;35;1.58;1.34
/c/ligue-1/;2003-2004;Marseille;38;17;6;15;57;51;45;1.50;1.13
/c/ligue-1/;2003-2004;Lens;38;15;8;15;53;34;48;1.39;0.71
/c/ligue-1/;2003-2004;Rennes;38;14;10;14;52;56;44;1.37;1.27
/c/ligue-1/;2003-2004;Lille OSC;38;14;9;15;51;41;41;1.34;1.00
/c/ligue-1/;2003-2004;Bordeaux;38;13;11;14;50;40;43;1.32;0.93
/c/ligue-1/;2003-2004;OGC Nice;38;11;17;10;50;42;39;1.32;1.08
/c/ligue-1/;2003-2004;RC Strasbourg;38;10;13;15;43;43;50;1.13;0.86
/c/ligue-1/;2003-2004;Metz;38;11;9;18;42;34;42;1.11;0.81
/c/ligue-1/;2003-2004;Ajaccio;38;10;10;18;40;33;55;1.05;0.60
/c/ligue-1/;2003-2004;Bastia;38;9;12;17;39;33;49;1.03;0.67
/c/ligue-1/;2003-2004;Toulouse;38;9;12;17;39;31;44;1.03;0.70
/c/ligue-1/;2003-2004;Guingamp;38;10;8;20;38;36;58;1.00;0.62
/c/ligue-1/;2003-2004;Le Mans;38;9;11;18;38;35;57;1.00;0.61
/c/ligue-1/;2003-2004;Montpellier Herault SC;38;8;7;23;31;41;74;0.82;0.55
/c/ligue-1/;2002-2003;Lyon;38;19;11;8;68;63;41;1.79;1.54
/c/ligue-1/;2002-2003;Monaco;38;19;10;9;67;66;33;1.76;2.00
/c/ligue-1/;2002-2003;Marseille;38;19;8;11;65;41;36;1.71;1.14
/c/ligue-1/;2002-2003;Auxerre;38;18;10;10;64;38;29;1.68;1.31
/c/ligue-1/;2002-2003;Bordeaux;38;18;10;10;64;57;36;1.68;1.58
/c/ligue-1/;2002-2003;FC Sochaux;38;17;13;8;64;46;31;1.68;1.48
/c/ligue-1/;2002-2003;Guingamp;38;19;5;14;62;59;46;1.63;1.28
/c/ligue-1/;2002-2003;Lens;38;14;15;9;57;43;31;1.50;1.39
/c/ligue-1/;2002-2003;Nantes;38;16;8;14;56;37;39;1.47;0.95
/c/ligue-1/;2002-2003;OGC Nice;38;13;16;9;55;39;31;1.45;1.26
/c/ligue-1/;2002-2003;Paris Saint-Germain;38;14;12;12;54;47;36;1.42;1.31
/c/ligue-1/;2002-2003;Bastia;38;12;11;15;47;40;48;1.24;0.83
/c/ligue-1/;2002-2003;RC Strasbourg;38;11;12;15;45;40;54;1.18;0.74
/c/ligue-1/;2002-2003;Lille OSC;38;10;12;16;42;29;44;1.11;0.66
/c/ligue-1/;2002-2003;Montpellier Herault SC;38;10;10;18;40;37;54;1.05;0.69
/c/ligue-1/;2002-2003;Rennes;38;10;10;18;40;35;45;1.05;0.78
/c/ligue-1/;2002-2003;Ajaccio;38;9;12;17;39;29;49;1.03;0.59
/c/ligue-1/;2002-2003;Le Havre;38;10;8;20;38;27;47;1.00;0.57
/c/ligue-1/;2002-2003;Sedan;38;9;9;20;36;41;59;0.95;0.69
/c/ligue-1/;2002-2003;Troyes;38;7;10;21;31;23;48;0.82;0.48
/c/ligue-1/;2001-2002;Lyon;34;20;6;8;66;62;32;1.94;1.94
/c/ligue-1/;2001-2002;Lens;34;18;10;6;64;55;30;1.88;1.83
/c/ligue-1/;2001-2002;Auxerre;34;16;11;7;59;48;38;1.74;1.26
/c/ligue-1/;2001-2002;Paris Saint-Germain;34;15;13;6;58;43;24;1.71;1.79
/c/ligue-1/;2001-2002;Lille OSC;34;15;11;8;56;39;32;1.65;1.22
/c/ligue-1/;2001-2002;Bordeaux;34;14;8;12;50;34;31;1.47;1.10
/c/ligue-1/;2001-2002;Troyes;34;13;8;13;47;40;35;1.38;1.14
/c/ligue-1/;2001-2002;FC Sochaux;34;12;10;12;46;41;40;1.35;1.03
/c/ligue-1/;2001-2002;Marseille;34;11;11;12;44;34;39;1.29;0.87
/c/ligue-1/;2001-2002;Nantes;34;12;7;15;43;35;41;1.26;0.85
/c/ligue-1/;2001-2002;Bastia;34;12;5;17;41;38;44;1.21;0.86
/c/ligue-1/;2001-2002;Rennes;34;11;8;15;41;40;51;1.21;0.78
/c/ligue-1/;2001-2002;Montpellier Herault SC;34;9;13;12;40;28;31;1.18;0.90
/c/ligue-1/;2001-2002;Monaco;34;9;12;13;39;36;41;1.15;0.88
/c/ligue-1/;2001-2002;Sedan;34;8;15;11;39;35;39;1.15;0.90
/c/ligue-1/;2001-2002;Guingamp;34;9;8;17;35;34;57;1.03;0.60
/c/ligue-1/;2001-2002;Metz;34;9;6;19;33;31;47;0.97;0.66
/c/ligue-1/;2001-2002;FC Lorient;34;7;10;17;31;43;64;0.91;0.67
/c/ligue-1/;2000-2001;Nantes;34;21;5;8;68;58;36;2.00;1.61
/c/ligue-1/;2000-2001;Lyon;34;17;13;4;64;57;30;1.88;1.90
/c/ligue-1/;2000-2001;Lille OSC;34;16;11;7;59;43;27;1.74;1.59
/c/ligue-1/;2000-2001;Bordeaux;34;15;12;7;57;48;33;1.68;1.45
/c/ligue-1/;2000-2001;Sedan;34;14;10;10;52;47;40;1.53;1.18
/c/ligue-1/;2000-2001;Rennes;34;15;5;14;50;46;37;1.47;1.24
/c/ligue-1/;2000-2001;Troyes;34;11;13;10;46;45;47;1.35;0.96
/c/ligue-1/;2000-2001;Bastia;34;13;6;15;45;45;41;1.32;1.10
/c/ligue-1/;2000-2001;Paris Saint-Germain;34;12;8;14;44;44;45;1.29;0.98
/c/ligue-1/;2000-2001;Guingamp;34;11;11;12;44;40;48;1.29;0.83
/c/ligue-1/;2000-2001;Monaco;34;12;7;15;43;53;50;1.26;1.06
/c/ligue-1/;2000-2001;Metz;34;11;9;14;42;35;44;1.24;0.80
/c/ligue-1/;2000-2001;Auxerre;34;11;8;15;41;31;41;1.21;0.76
/c/ligue-1/;2000-2001;Marseille;34;11;7;16;40;31;40;1.18;0.78
/c/ligue-1/;2000-2001;Lens;34;9;13;12;40;37;39;1.18;0.95
/c/ligue-1/;2000-2001;Toulouse;34;9;10;15;37;34;49;1.09;0.69
/c/ligue-1/;2000-2001;Saint-Étienne;34;8;10;16;34;42;56;1.00;0.75
/c/ligue-1/;2000-2001;RC Strasbourg;34;7;8;19;29;28;61;0.85;0.46
/c/ligue-1/;1999-2000;Monaco;34;20;5;9;65;69;38;1.91;1.82
/c/ligue-1/;1999-2000;Paris Saint-Germain;34;16;10;8;58;54;40;1.71;1.35
/c/ligue-1/;1999-2000;Lyon;34;16;8;10;56;45;42;1.65;1.07
/c/ligue-1/;1999-2000;Bordeaux;34;15;9;10;54;52;40;1.59;1.30
/c/ligue-1/;1999-2000;Lens;34;14;7;13;49;42;41;1.44;1.02
/c/ligue-1/;1999-2000;Saint-Étienne;34;13;9;12;48;46;47;1.41;0.98
/c/ligue-1/;1999-2000;Sedan;34;13;9;12;48;43;44;1.41;0.98
/c/ligue-1/;1999-2000;Auxerre;34;13;8;13;47;37;39;1.38;0.95
/c/ligue-1/;1999-2000;RC Strasbourg;34;13;7;14;46;42;52;1.35;0.81
/c/ligue-1/;1999-2000;Bastia;34;11;12;11;45;43;39;1.32;1.10
/c/ligue-1/;1999-2000;Metz;34;9;17;8;44;38;33;1.29;1.15
/c/ligue-1/;1999-2000;Troyes;34;13;4;17;43;36;52;1.26;0.69
/c/ligue-1/;1999-2000;Nantes;34;12;7;15;43;39;40;1.26;0.98
/c/ligue-1/;1999-2000;Rennes;34;12;7;15;43;44;48;1.26;0.92
/c/ligue-1/;1999-2000;AS Nancy;34;11;9;14;42;43;45;1.24;0.96
/c/ligue-1/;1999-2000;Marseille;34;9;15;10;42;45;45;1.24;1.00
/c/ligue-1/;1999-2000;Le Havre;34;9;7;18;34;30;52;1.00;0.58
/c/ligue-1/;1999-2000;Montpellier Herault SC;34;7;10;17;31;39;50;0.91;0.78
/c/ligue-1/;1998-1999;Bordeaux;34;22;6;6;72;66;29;2.12;2.28
/c/ligue-1/;1998-1999;Marseille;34;21;8;5;71;56;28;2.09;2.00
/c/ligue-1/;1998-1999;Lyon;34;18;9;7;63;51;31;1.85;1.65
/c/ligue-1/;1998-1999;Monaco;34;18;8;8;62;52;32;1.82;1.63
/c/ligue-1/;1998-1999;Rennes;34;17;8;9;59;45;38;1.74;1.18
/c/ligue-1/;1998-1999;Lens;34;14;7;13;49;46;43;1.44;1.07
/c/ligue-1/;1998-1999;Nantes;34;12;12;10;48;40;34;1.41;1.18
/c/ligue-1/;1998-1999;Montpellier Herault SC;34;11;10;13;43;53;50;1.26;1.06
/c/ligue-1/;1998-1999;AS Nancy;34;10;9;15;39;35;45;1.15;0.78
/c/ligue-1/;1998-1999;Paris Saint-Germain;34;10;9;15;39;34;35;1.15;0.97
/c/ligue-1/;1998-1999;Metz;34;9;12;13;39;28;37;1.15;0.76
/c/ligue-1/;1998-1999;Bastia;34;10;8;16;38;37;46;1.12;0.80
/c/ligue-1/;1998-1999;RC Strasbourg;34;8;14;12;38;30;36;1.12;0.83
/c/ligue-1/;1998-1999;Auxerre;34;9;10;15;37;40;45;1.09;0.89
/c/ligue-1/;1998-1999;FC Lorient;34;8;11;15;35;33;49;1.03;0.67
/c/ligue-1/;1998-1999;Le Havre;34;8;11;15;35;23;38;1.03;0.61
/c/ligue-1/;1998-1999;FC Sochaux;34;6;15;13;33;30;54;0.97;0.56
/c/ligue-1/;1998-1999;Toulouse;34;6;11;17;29;24;53;0.85;0.45
/c/ligue-1/;1997-1998;Lens;34;21;5;8;68;55;30;2.00;1.83
/c/ligue-1/;1997-1998;Metz;34;20;8;6;68;48;28;2.00;1.71
/c/ligue-1/;1997-1998;Monaco;34;18;5;11;59;51;33;1.74;1.55
/c/ligue-1/;1997-1998;Marseille;34;16;9;9;57;47;27;1.68;1.74
/c/ligue-1/;1997-1998;Bordeaux;34;15;11;8;56;49;41;1.65;1.20
/c/ligue-1/;1997-1998;Lyon;34;16;5;13;53;39;37;1.56;1.05
/c/ligue-1/;1997-1998;Auxerre;34;14;9;11;51;55;45;1.50;1.22
/c/ligue-1/;1997-1998;Paris Saint-Germain;34;14;8;12;50;43;35;1.47;1.23
/c/ligue-1/;1997-1998;Bastia;34;13;11;10;50;36;31;1.47;1.16
/c/ligue-1/;1997-1998;Le Havre;34;10;14;10;44;38;35;1.29;1.09
/c/ligue-1/;1997-1998;Nantes;34;11;8;15;41;35;41;1.21;0.85
/c/ligue-1/;1997-1998;Montpellier Herault SC;34;10;11;13;41;32;42;1.21;0.76
/c/ligue-1/;1997-1998;RC Strasbourg;34;9;10;15;37;39;43;1.09;0.91
/c/ligue-1/;1997-1998;Rennes;34;9;9;16;36;36;48;1.06;0.75
/c/ligue-1/;1997-1998;Toulouse;34;9;9;16;36;26;46;1.06;0.57
/c/ligue-1/;1997-1998;Guingamp;34;9;8;17;35;30;42;1.03;0.71
/c/ligue-1/;1997-1998;Berrichonne;34;8;7;19;31;31;59;0.91;0.53
/c/ligue-1/;1997-1998;Cannes;34;7;7;20;28;32;59;0.82;0.54
/c/ligue-1/;1996-1997;Monaco;38;23;10;5;79;69;30;2.08;2.30
/c/ligue-1/;1996-1997;Paris Saint-Germain;38;18;13;7;67;57;31;1.76;1.84
/c/ligue-1/;1996-1997;Nantes;38;16;16;6;64;61;32;1.68;1.91
/c/ligue-1/;1996-1997;Bordeaux;38;16;15;7;63;59;42;1.66;1.40
/c/ligue-1/;1996-1997;Metz;38;17;11;10;62;40;30;1.63;1.33
/c/ligue-1/;1996-1997;Auxerre;38;17;10;11;61;49;32;1.61;1.53
/c/ligue-1/;1996-1997;Bastia;38;17;10;11;61;54;47;1.61;1.15
/c/ligue-1/;1996-1997;RC Strasbourg;38;19;3;16;60;52;49;1.58;1.06
/c/ligue-1/;1996-1997;Lyon;38;16;12;10;60;59;50;1.58;1.18
/c/ligue-1/;1996-1997;Montpellier Herault SC;38;12;15;11;51;40;40;1.34;1.00
/c/ligue-1/;1996-1997;Marseille;38;12;13;13;49;43;48;1.29;0.90
/c/ligue-1/;1996-1997;Guingamp;38;11;13;14;46;32;36;1.21;0.89
/c/ligue-1/;1996-1997;Lens;38;12;9;17;45;40;52;1.18;0.77
/c/ligue-1/;1996-1997;Le Havre;38;10;13;15;43;34;43;1.13;0.79
/c/ligue-1/;1996-1997;Cannes;38;9;14;15;41;25;41;1.08;0.61
/c/ligue-1/;1996-1997;Rennes;38;10;10;18;40;40;58;1.05;0.69
/c/ligue-1/;1996-1997;AS Nancy;38;9;10;19;37;33;51;0.97;0.65
/c/ligue-1/;1996-1997;Caen;38;7;16;15;37;35;46;0.97;0.76
/c/ligue-1/;1996-1997;Lille OSC;38;8;11;19;35;32;58;0.92;0.55
/c/ligue-1/;1996-1997;OGC Nice;38;5;8;25;23;30;68;0.61;0.44
/c/ligue-1/;1995-1996;Auxerre;38;22;6;10;72;66;30;1.89;2.20
/c/ligue-1/;1995-1996;Monaco;38;19;11;8;68;64;39;1.79;1.64
/c/ligue-1/;1995-1996;Paris Saint-Germain;38;19;11;8;68;65;36;1.79;1.81
/c/ligue-1/;1995-1996;Metz;38;18;11;9;65;42;30;1.71;1.40
/c/ligue-1/;1995-1996;Lens;38;16;15;7;63;45;31;1.66;1.45
/c/ligue-1/;1995-1996;Montpellier Herault SC;38;17;9;12;60;51;40;1.58;1.28
/c/ligue-1/;1995-1996;Nantes;38;14;13;11;55;44;42;1.45;1.05
/c/ligue-1/;1995-1996;RC Strasbourg;38;14;12;12;54;46;44;1.42;1.05
/c/ligue-1/;1995-1996;Rennes;38;13;15;10;54;44;41;1.42;1.07
/c/ligue-1/;1995-1996;Guingamp;38;13;14;11;53;34;33;1.39;1.03
/c/ligue-1/;1995-1996;Lyon;38;10;18;10;48;41;41;1.26;1.00
/c/ligue-1/;1995-1996;OGC Nice;38;12;9;7;45;37;44;1.18;0.84
/c/ligue-1/;1995-1996;Le Havre;38;11;12;15;45;33;45;1.18;0.73
/c/ligue-1/;1995-1996;Bastia;38;12;8;18;44;45;55;1.16;0.82
/c/ligue-1/;1995-1996;Cannes;38;12;8;18;44;45;51;1.16;0.88
/c/ligue-1/;1995-1996;Bordeaux;38;11;9;18;42;44;52;1.11;0.85
/c/ligue-1/;1995-1996;Lille OSC;38;9;12;17;39;27;50;1.03;0.54
/c/ligue-1/;1995-1996;Gueugnon;38;8;14;16;38;27;46;1.00;0.59
/c/ligue-1/;1995-1996;Martigues;38;9;7;22;34;31;58;0.89;0.53
/c/ligue-1/;1995-1996;Saint-Étienne;38;6;16;16;34;36;59;0.89;0.61
